Producer,593,400
Producer,557,300
Producer,354,200
Consumer,636,200
Producer,54,200
Producer,321,300
Consumer,172,200
Consumer,474,200
Producer,219,100
Consumer,149,100
Consumer,177,200
Consumer,53,200
Consumer,271,200
Producer,938,1228400
Producer,622,990100
Consumer,959,278200
Consumer,702,288500
Producer,612,1136700
Producer,704,1176100
Consumer,582,418400
Producer,3258,200
Producer,6785,300
Producer,5176,200
Producer,1441,100
Producer,2230,200
Producer,345,200
Producer,195,200
Consumer,5738,100
Producer,1495,200
Consumer,4280,100
Consumer,5438,100
Producer,9785,100
Producer,4032,200
Consumer,9654,100
Producer,6409,200
Producer,2480,100
Producer,791,100
Consumer,5595,100
Producer,4979,200
Consumer,1594,100
Consumer,6977,200
Producer,2869,100
Producer,1740,100
Consumer,5922,100
Producer,2514,19377200
Producer,3508,19381300
Consumer,1028,200
Producer,1464,19394300
Consumer,1767,100
Consumer,4858,200
Consumer,5922,200
Producer,7270,19601500
Producer,2305,19618500
Consumer,3797,1300
Producer,6204,19691000
Consumer,5899,100
Consumer,8426,100
Producer,3300,19815500
Producer,3784,19839000
Producer,7698,19794900
Consumer,9183,700
Consumer,2762,200
Producer,1723,19874000
Consumer,2412,100
Producer,1488,19938900
Producer,8304,19852500
Consumer,7618,100
Consumer,510,200
Producer,6218,19746900
Consumer,2446,100
Consumer,6462,200
Producer,7439,19856400
Consumer,6288,100
Producer,8692,19910200
Consumer,9579,878000
Producer,6365,19918700
Producer,1639,19949000
Consumer,5449,200
Producer,3723,20026500
Consumer,6240,100
Producer,8351,20077400
Consumer,9883,100
Producer,4029,20176300
Producer,1193,20224000
Producer,6465,20220300
Consumer,8328,200
Consumer,39,100
Producer,2360,20362600
Consumer,4617,100
Producer,9003,20488300
Consumer,7973,690900
Producer,8161,20511700
Consumer,9520,690700
Producer,4025,20575300
Consumer,1517,200
Consumer,2500,200
Producer,5317,20718800
Consumer,1804,100
Producer,2529,20756000
Consumer,3945,100
Producer,6563,20779200
Consumer,8910,200
Producer,5421,6150100
Consumer,1911,1253000
Producer,4830,6210300
Consumer,7987,2638800
Producer,823,6274500
Producer,3570,6326300
Consumer,1024,100
Producer,4135,6413200
Consumer,4482,2147500
Consumer,846,100
Producer,1562,6677300
Consumer,364,200
Producer,9223,6820000
Consumer,7113,1807300
Producer,7853,6903800
Consumer,9062,3075200
Producer,1872,7044600
Consumer,1225,100
Consumer,5981,200
Producer,4687,7181300
Consumer,2009,10000
Producer,5483,7256600
Consumer,6500,100
Producer,3723,7306500
Producer,2001,7332100
Consumer,2251,200
Consumer,1509,100
Consumer,1196,200
Producer,4916,7481600
Consumer,3747,100
Consumer,1266,100
Producer,7779,7623300
Consumer,8770,100
Producer,1356,7660600
Producer,8671,7697000
Consumer,4112,100
Consumer,4231,200
Producer,6207,7809300
Producer,2100,7838800
Consumer,2330,100
Producer,5176,7910500
Consumer,4571,4071900
Consumer,1720,200
Consumer,3221,200
Consumer,4679,100
Producer,6342,8080600
Consumer,3809,200
Producer,4672,8182200
Consumer,2198,2449900
Consumer,3601,100
Producer,1024,8321800
Consumer,2333,3844600
Producer,7511,8440300
Producer,5698,8412900
Consumer,7684,100
Producer,5139,8456400
Producer,6464,8459200
Consumer,7241,2763700
Consumer,3806,100
Producer,8646,8627800
Consumer,7084,3028400
Producer,6548,8647400
Consumer,8573,4684800
Producer,3664,8799100
Consumer,8998,3243100
Producer,9242,8919200
Consumer,7392,4908600
Producer,3737,8975100
Producer,8609,8931000
Consumer,6586,3390000
Producer,2486,8964700
Consumer,7786,6295100
Producer,5638,8996300
Consumer,7989,5657300
Producer,5934,9019700
Consumer,2628,3215200
Producer,5747,9158900
Consumer,9158,6779500
Producer,9307,9490700
Consumer,6189,5405500
Producer,2872,9529500
Consumer,5102,5463000
Producer,8744,9597700
Consumer,5040,6556600
Producer,5465,9837700
Consumer,2656,3916900
Producer,2300,9967200
Consumer,5077,4119600
Producer,8230,28634900
Consumer,3396,4257600
Producer,4895,28754400
Consumer,7845,4523200
Producer,9544,29241300
Consumer,7705,7256300
Producer,2973,10860300
Consumer,4635,5225700
Producer,8586,11191300
Consumer,6906,5583900
Producer,8068,11520500
Consumer,9877,8124600
Producer,3846,11438900
Consumer,8945,8092100
Producer,9458,30585300
Consumer,3786,5630300
Producer,4962,11463800
Consumer,3104,5818000
Producer,7829,30904100
Consumer,6208,5888500
Producer,8101,11600300
Consumer,3175,9542800
Consumer,4181,5761500
Consumer,6454,5756200
Consumer,4097,8129600
Producer,9622,14764400
Producer,9216,14022100
Consumer,6274,8229700
Consumer,9857,9745000
Producer,6054,700
Producer,20155,600
Producer,75475,400
Producer,11443,400
Producer,84155,500
Producer,1446,300
Producer,772,100
Consumer,2572,600
Consumer,55795,300
Consumer,34919,200
Consumer,4795,200
Producer,64511,68484900
Producer,4438,68437800
Producer,12955,200
Consumer,6947,200
Producer,11492,68383300
Producer,7798,0
Consumer,32449,200
Producer,22752,0
Consumer,38080,200
Consumer,16353,200
Producer,62352,68997400
Consumer,6379,300
Consumer,23861,100
Consumer,87215,100
Producer,97507,69267300
Consumer,95263,100
Producer,25762,100
Producer,86539,69342100
Producer,5082,100
Consumer,43971,300
Consumer,17664,800
Producer,17943,70079800
Producer,32512,0
Consumer,95836,200
Producer,45020,70131300
Producer,65827,100
Consumer,75019,300
Producer,53607,100
Producer,18982,70775300
Consumer,86462,300
Producer,29776,100
Producer,38397,0
Consumer,1863,100
Producer,437,200
Producer,14830,71160700
Producer,1559,0
Consumer,38713,100
Producer,16290,71464600
Consumer,34430,200
Consumer,81028,200
Producer,37914,71564300
Consumer,81512,200
Producer,54184,71517100
Producer,34786,71451100
Consumer,11283,100
Producer,60415,71517900
Consumer,99378,175300
Producer,28363,0
Producer,33866,71530900
Consumer,96407,195800
Producer,17055,200
Producer,61966,71513000
Consumer,41517,100
Producer,86532,0
Consumer,89219,200
Consumer,27719,200
Producer,1557,71599900
Producer,22210,71506800
Producer,7530,71472900
Producer,79703,100
Consumer,75640,200
Producer,78603,100
Consumer,96482,865200
Producer,93384,100
Consumer,23936,200
Producer,52231,71686700
Producer,4739,71613900
Consumer,25050,200
Consumer,6869,100
Consumer,87931,200
Producer,55038,71530000
Producer,75365,71535000
Consumer,21011,200
Consumer,40206,200
Producer,35016,71521900
Consumer,15030,100
Consumer,31262,200
Producer,73314,100
Producer,11491,0
Consumer,32903,200
Producer,22669,0
Consumer,32018,200
Consumer,40235,200
Producer,42086,0
Producer,43856,71638400
Consumer,19511,200
Consumer,37644,200
Consumer,2515,200
Producer,6071,71446800
Consumer,23586,300
Producer,64046,71459600
Producer,16041,71430000
Consumer,36820,100
Consumer,79529,200
Producer,1681,71420500
Consumer,31132,200
Producer,49652,71433600
Consumer,64583,200
Producer,78855,71372700
Consumer,99671,200
Producer,50147,71428400
Consumer,29185,100
Producer,43157,71378300
Consumer,29035,200
Producer,87976,71395400
Consumer,70772,100
Producer,76123,71411600
Producer,18853,100
Consumer,94792,185400
Producer,72829,100
Consumer,42563,100
Consumer,1554,200
Producer,28691,71511200
Producer,24511,71474600
Consumer,397,200
Producer,46601,0
Consumer,91952,200
Producer,31387,100
Consumer,45189,300
Producer,88653,71775600
Consumer,22108,200
Consumer,10668,100
Consumer,81806,200
Consumer,41485,200
Producer,64321,72005000
Producer,28881,71964200
Producer,76429,100
Consumer,95886,300
Producer,71924,100
Consumer,36126,200
Producer,42152,72011200
Consumer,12842,200
Producer,16881,100
Producer,17308,72038000
Consumer,68573,200
Producer,48635,72069400
Consumer,38943,200
Consumer,49361,200
Producer,58101,72065200
Consumer,87184,200
Producer,45831,71963400
Consumer,47106,200
Producer,41817,71849800
Producer,15187,71751400
Consumer,93706,165900
Producer,79970,71822100
Consumer,74938,200
Producer,22369,71871900
Consumer,33368,79900
Producer,80569,71971100
Consumer,53906,72400
Producer,64084,71995900
Consumer,83831,152600
Producer,52508,72079000
Consumer,58514,200
Producer,55441,72093900
Consumer,40008,200
Producer,51785,72079400
Consumer,57322,200
Producer,43570,72120900
Consumer,46855,200
Producer,58190,72141800
Producer,11008,100
Consumer,82436,264300
Consumer,640,100
Producer,47559,72220300
Producer,10972,72166800
Consumer,10243,100
Consumer,11014,200
Consumer,10333,200
Producer,89758,72271900
Consumer,13367,200
Consumer,77965,200
Producer,82707,72407400
Consumer,87289,200
Consumer,19408,200
Producer,78716,72481300
Producer,34848,72465100
Consumer,20046,200
Producer,45370,72512200
Consumer,43488,200
Producer,55685,72528100
Consumer,90725,200
Consumer,51303,200
Producer,9070,72562000
Producer,72492,72534200
Consumer,96431,970500
Producer,21729,72534500
Producer,13067,72531200
Producer,24343,72586800
Consumer,31006,628600
Producer,3626,100
Producer,85909,72698800
Consumer,73566,798800
Consumer,41747,200
Producer,6646,100
Producer,83854,72821000
Producer,75641,72839400
Consumer,98335,307600
Producer,49149,0
Consumer,82807,631400
Producer,94248,0
Consumer,90311,641300
Producer,71025,72938500
Consumer,70317,1175400
Consumer,1670,200
Producer,19189,72978900
Producer,18085,72914600
Producer,90384,72889200
Consumer,3030,200
Producer,14981,72949800
Consumer,79790,616900
Consumer,53479,200
Producer,77021,73060200
Producer,16416,72978600
Consumer,89675,843600
Producer,60520,72993100
Consumer,70663,100
Producer,70985,73012100
Consumer,13119,200
Producer,61737,72964100
Consumer,88576,200
Producer,83802,73026900
Consumer,49843,100
Consumer,86659,200
Producer,47605,73084900
Producer,91597,73057900
Consumer,58351,74100
Consumer,41423,99500
Producer,1823,73041700
Producer,76721,73057600
Consumer,84885,80800
Consumer,37364,100
Producer,54192,73110300
Producer,74428,73087800
Consumer,75044,200
Consumer,4853,200
Producer,15083,73127500
Producer,83202,73097200
Consumer,20927,100
Producer,6602,73138200
Consumer,9600,200
Consumer,49221,200
Producer,45932,73518400
Consumer,23082,200
Producer,22486,73536100
Consumer,86695,100
Consumer,18130,200
Producer,79794,73611300
Producer,80015,73601600
Consumer,17447,200
Producer,22585,73645700
Consumer,27725,200
Consumer,38297,200
Producer,8063,73867300
Producer,51569,73856600
Consumer,70263,300
Consumer,6982,200
Consumer,20399,200
Producer,69910,74081200
Consumer,65945,200
Consumer,12774,200
Consumer,75365,300
Producer,16863,74168300
Consumer,307,100
Producer,29504,74265300
Producer,59973,74216700
Producer,21591,74209600
Producer,11677,74237000
Producer,39455,74176800
Consumer,53027,300
Consumer,96843,476500
Producer,1545,74382100
Producer,4728,74340100
Consumer,13441,200
Producer,54674,74374600
Consumer,19738,200
Producer,13483,75055300
Consumer,77322,200
Producer,99567,75084300
Consumer,72105,982400
Producer,55131,74974200
Consumer,79210,200
Producer,44323,74861400
Consumer,19587,200
Consumer,3004,100
Producer,9963,74915300
Producer,66094,74809800
Consumer,89285,1558300
Consumer,5814,200
Producer,8614,74898800
Producer,59827,74715300
Consumer,66942,200
Producer,94772,74547700
Consumer,68684,377100
Producer,79304,74585100
Consumer,80137,358000
Consumer,27109,100
Producer,60418,74648200
Consumer,50622,200
Producer,88348,74591600
Consumer,23239,510400
Producer,11285,74572100
Consumer,24203,1030300
Producer,98588,74563800
Consumer,98939,2292200
Producer,86589,74565400
Consumer,79225,1226400
Producer,67319,74607500
Consumer,84913,100
Producer,70025,74589900
Producer,43785,74714500
Consumer,82551,300
Producer,34130,74755300
Consumer,78237,300
Consumer,708,200
Producer,2698,74786700
Producer,4275,74768300
Consumer,35225,200
Producer,72123,74756800
Consumer,33795,100
Producer,85270,74810900
Consumer,57057,100
Producer,20185,74810500
Consumer,96241,227100
Producer,88071,74801700
Consumer,84338,100
Producer,96664,74815000
Consumer,69960,89400
Producer,27865,74803300
Consumer,64676,132900
Producer,55760,74781200
Consumer,40759,300
Producer,41211,75075300
Consumer,17771,200
Producer,3429,75149800
Consumer,60,200
Producer,18729,75191400
Consumer,48584,200
Producer,94336,75417000
Consumer,71891,1405300
Producer,52260,75551400
Consumer,63550,633000
Producer,40895,75585400
Consumer,11954,200
Producer,9593,75847200
Consumer,13054,200
Producer,20881,75596300
Consumer,4753,300
Producer,35027,75608200
Consumer,76942,1470800
Producer,75174,75602300
Consumer,21895,100
Consumer,52056,100
Producer,16435,75729900
Producer,57055,75718100
Consumer,70946,1393700
Producer,96536,75724300
Consumer,43260,100
Producer,26942,75705800
Consumer,86449,204000
Producer,52086,75681800
Consumer,8753,200
Producer,18242,75832200
Consumer,59982,200
Producer,35302,75888500
Consumer,53752,200
Producer,32061,75963000
Consumer,8119,300
Producer,9287,76007000
Consumer,1532,200
Producer,40770,76035100
Consumer,61570,100
Producer,7517,76073900
Consumer,4052,200
Producer,96853,77176500
Consumer,33421,200
Producer,76809,77145600
Consumer,86886,2071500
Consumer,26667,300
Producer,97202,77207400
Consumer,79085,1693900
Producer,51093,77264400
Consumer,49245,200
Consumer,51655,1501900
Consumer,1736,200
Producer,94749,77316600
Consumer,62162,200
Producer,38765,77314900
Consumer,58284,200
Producer,89850,77302000
Consumer,99484,3244200
Producer,37069,77288200
Consumer,21902,100
Producer,6808,77315900
Consumer,36635,1674100
Producer,78282,77313000
Consumer,27635,1629800
Producer,42990,77487400
Consumer,23895,1775500
Producer,11408,77509800
Consumer,54587,200
Producer,47115,77493500
Consumer,13093,200
Consumer,18678,200
Producer,54463,77493100
Consumer,38964,1559600
Producer,97085,77499400
Consumer,83578,1591100
Producer,77885,77473100
Consumer,10961,200
Consumer,61120,200
Producer,7100,77576700
Consumer,53508,1758800
Producer,98903,77586600
Consumer,51680,100
Producer,81358,77561600
Consumer,38848,1804400
Producer,14074,77528600
Producer,63911,77451300
Consumer,70037,1855100
Consumer,31078,200
Producer,60913,77511200
Consumer,65171,200
Consumer,77162,1985500
Producer,75359,77616300
Consumer,48226,2036000
Producer,2420,77598800
Consumer,34427,2044600
Producer,16091,77614600
Producer,32038,77587400
Consumer,17176,1722500
Producer,93522,77580200
Producer,27226,77575200
Consumer,79841,200
Consumer,31901,3425200
Producer,64448,77656600
Consumer,89775,1435200
Producer,52137,77661200
Consumer,55279,3158900
Producer,92142,77657800
Consumer,82236,200
Producer,53023,77686000
Producer,96524,77643700
Consumer,97756,2909900
Producer,71907,77619100
Consumer,54393,690500
Producer,21674,77496900
Consumer,82024,729100
Producer,56948,77543900
Consumer,89582,6171100
Producer,81551,77540500
Producer,92961,77584000
Consumer,88123,1601000
Consumer,92173,300
Producer,47310,77777000
Producer,47977,77714700
Consumer,73870,2328100
Producer,59487,77698800
Producer,5863,77668500
Consumer,41772,300
Consumer,16476,100
Producer,39055,77662000
Producer,69277,77533600
Producer,12470,77509300
Consumer,55265,330600
Consumer,94822,4176200
Producer,98986,77422900
Producer,88821,77405000
Consumer,71947,200
Producer,46403,77880800
Consumer,7661,200
Consumer,16203,300
Producer,39980,77936200
Producer,16602,77900700
Consumer,64821,200
Consumer,23529,200
Consumer,98759,200
Producer,46591,77908000
Producer,13733,77911700
Producer,19990,77909500
Consumer,21567,200
Producer,3329,77973400
Consumer,2349,200
Producer,80243,78084100
Consumer,42816,300
Producer,24261,78142100
Consumer,85028,200
Producer,27580,78273700
Consumer,20355,100
Producer,83848,78275500
Consumer,49275,200
Producer,54390,78315500
Consumer,35028,200
Producer,23759,78298400
Consumer,60461,200
Producer,99767,78282500
Consumer,92285,100
Producer,91781,78273500
Consumer,18277,200
Consumer,91907,200
Producer,49324,78305400
Consumer,12022,200
Producer,80694,78295700
Consumer,59871,300
Producer,79642,78305400
Consumer,56748,300
Producer,32880,78301900
Consumer,59751,200
Consumer,37903,300
Producer,54887,78304500
Consumer,26624,100
Producer,13015,78340500
Consumer,90145,200
Producer,16513,78898000
Consumer,43681,200
Producer,68029,78976200
Consumer,54811,100
Producer,77929,79025700
Consumer,49155,300
Producer,76383,79068300
Consumer,79809,300
Producer,43346,79089100
Consumer,46019,200
Producer,63009,79083800
Consumer,76809,100
Producer,43678,79060600
Consumer,30905,200
Producer,95498,79095000
Consumer,41496,100
Producer,20737,79090200
Consumer,42173,200
Producer,42084,79076900
Consumer,82748,300
Producer,85101,79149300
Consumer,94894,41700
Producer,11761,79135400
Consumer,1904,200
Producer,82633,79277500
Consumer,31951,162900
Consumer,65606,200
Producer,42220,79282100
Producer,91786,79230300
Consumer,56165,138300
Producer,27728,79230300
Consumer,99970,300
Consumer,9709,200
Producer,97967,79400500
Consumer,66030,200
Consumer,38149,73100
Producer,41385,79362700
Producer,79723,79326000
Consumer,15699,56600
Producer,1780,79362100
Consumer,83724,300
Producer,82469,79438000
Consumer,21860,300
Producer,84527,79467500
Consumer,14864,100
Consumer,37343,200
Producer,76582,79505600
Consumer,49222,200
Consumer,25713,300
Producer,75570,79565200
Consumer,91026,2100
Producer,41606,79508300
Consumer,47955,700
Producer,83352,79692700
Consumer,95674,200
Producer,62580,79922600
Consumer,5629,300
Consumer,17861,200
Consumer,96681,200
Producer,91742,79897600
Consumer,9332,200
Consumer,31343,200
Producer,28814,79951800
Consumer,7833,400
Producer,76585,80109900
Consumer,8588,300
Consumer,31371,300
Producer,34917,80217800
Consumer,52436,300
Producer,12749,80223700
Consumer,99961,300
Producer,30974,80248900
Consumer,56305,200
Producer,39385,80258500
Consumer,5122,200
Producer,62618,80343300
Consumer,85123,239400
Consumer,16929,100
Producer,93814,80419300
Consumer,3295,100
Producer,15581,80418700
Consumer,14831,200
Producer,75135,80380100
Consumer,2693,200
Consumer,66507,200
Producer,61003,80308500
Consumer,35815,100
Producer,60222,80354400
Consumer,22050,400
Producer,13395,80404800
Consumer,68238,700
Producer,88206,80424900
Consumer,12841,200
Consumer,56734,0
Consumer,61975,100
Producer,27749,80521500
Producer,45252,80494400
Consumer,62112,100
Producer,11963,80466200
Producer,58915,80441500
Consumer,47156,0
Producer,12539,80646300
Consumer,67504,100
Consumer,22285,100
Producer,25973,80599500
Producer,29145,80598100
Consumer,28593,100
Producer,76437,80595100
Consumer,76955,100
Producer,53713,80568900
Consumer,89497,100
Producer,46726,80569600
Consumer,36262,100
Producer,37414,80543600
Consumer,3653,0
Producer,36437,80579400
Consumer,64016,100
Producer,2932,80593700
Consumer,14879,100
Producer,25127,80577100
Consumer,38928,0
Producer,90620,81512000
Consumer,71180,0
Producer,62167,81510300
Consumer,79990,1024400
Producer,4675,81502900
Consumer,5687,100
Producer,42285,81695900
Consumer,34003,0
Producer,22813,81785600
Consumer,4639,100
Consumer,20805,100
Producer,96630,82427700
Producer,52494,82411700
Consumer,97852,1309100
Consumer,20587,0
Consumer,28505,100
Producer,70482,82487600
Consumer,45770,0
Producer,94793,58633400
Consumer,86474,1352000
Producer,17945,58667200
Producer,57796,58706500
Consumer,63887,1313700
Producer,80067,58785400
Consumer,98992,1257300
Producer,93206,58848400
Consumer,37277,100
Consumer,57144,2079000
Producer,71279,59114800
Producer,42958,59125200
Consumer,70401,1482400
Consumer,56994,2120100
Producer,29030,59191900
Producer,45047,59191200
Consumer,57593,1046900
Producer,67989,59261400
Consumer,95307,3254500
Producer,24167,59304400
Consumer,18784,100
Producer,64021,60060300
Consumer,24210,100
Producer,69785,60377200
Consumer,62927,1751000
Producer,7983,60398200
Consumer,35968,0
Producer,94466,60541700
Consumer,49504,1838500
Producer,79183,60564300
Consumer,99505,100
Producer,7870,60635300
Consumer,55406,2145400
Producer,91796,60668300
Consumer,60256,0
Producer,24494,60738900
Consumer,20200,100
Consumer,20262,100
Producer,85941,60883900
Consumer,94523,5183400
Producer,26099,60934200
Consumer,33873,0
Producer,35229,61033700
Consumer,30420,0
Producer,23618,61617100
Consumer,20750,0
Producer,91647,61659900
Consumer,75599,4443400
Producer,62752,61670800
Consumer,76990,1334300
Producer,76846,61691700
Consumer,75364,3585700
Consumer,16989,100
Producer,66547,61759300
Producer,49399,61768900
Consumer,94882,1299600
Producer,10045,61765900
Consumer,27528,0
Producer,98691,62679600
Consumer,91039,2147600
Producer,79019,62709700
Consumer,86363,100
Producer,69584,62745700
Consumer,63551,2145500
Consumer,7375,0
Producer,75033,62796000
Producer,6889,62798500
Consumer,88354,100
Producer,19753,62874300
Consumer,5312,100
Producer,33117,62910500
Consumer,45981,100
Producer,56915,63083700
Consumer,48192,0
Producer,45399,63139400
Consumer,43559,0
Producer,20239,63195200
Consumer,4245,100
Producer,45211,63237200
Consumer,41141,100
Producer,84541,63394300
Consumer,60007,1850000
Producer,85268,63416900
Consumer,2634,100
Consumer,78813,1847800
Producer,87195,63455100
Consumer,29938,100
Consumer,36050,3125100
Producer,98972,63469500
Consumer,90698,4017800
Consumer,71916,100
Producer,63085,63504300
Consumer,81140,100
Producer,96821,63511300
Consumer,46342,1978400
Producer,20985,63403800
Consumer,62172,1965000
Producer,4104,63437400
Producer,14071,63468000
Consumer,25628,0
Producer,17462,63623200
Consumer,5200,100
Producer,98363,64560100
Consumer,49225,5246000
Consumer,60621,100
Producer,39058,64595600
Producer,32963,64579800
Consumer,2028,0
Consumer,8574,2182900
Producer,24743,64621300
Consumer,55788,100
Producer,70581,64652400
Consumer,39129,100
Producer,55302,64681800
Consumer,50548,0
Producer,78810,64705900
Consumer,76299,100
Consumer,58897,2226100
Producer,60851,64739200
Consumer,33846,6500
Producer,26523,64774000
Producer,86932,64778800
Consumer,79582,2274300
Producer,35138,64800900
Consumer,22978,100
Consumer,85362,4342800
Producer,45349,64830900
Producer,85211,64818500
Producer,10491,64829100
Consumer,62531,4307500
Consumer,78033,2042800
Producer,72636,64860500
Producer,59446,64870200
Consumer,76761,2047500
Consumer,31,0
Producer,11760,64918300
Consumer,13452,100
Consumer,29663,0
Producer,62011,64970300
Consumer,78477,3276700
Producer,79813,65004500
Producer,75739,65010500
Consumer,62256,0
Consumer,57666,3161000
Producer,79242,65037000
Consumer,38038,3054000
Consumer,80972,1732700
Producer,70609,65078000
Producer,20298,65091400
Consumer,45392,1711900
Producer,44287,65134200
Consumer,9423,100
Producer,8341,65154300
Consumer,41071,3168300
Consumer,6691,0
Consumer,29362,1778900
Producer,13145,65272900
Producer,57911,65312900
Consumer,71959,1390300
Producer,48113,65347700
Producer,25936,65356200
Producer,99905,65369200
Consumer,40634,1422000
Consumer,22338,1376400
Producer,46491,65484900
Consumer,51447,1384100
Consumer,66091,1344800
Producer,54444,65555000
Producer,67472,65636600
Consumer,97179,6384500
Consumer,45589,100
Producer,47525,65738100
Consumer,51330,100
Producer,10205,65755500
Producer,97446,65767700
Consumer,30912,1109400
Consumer,91146,3244900
Producer,48184,65780900
Producer,92440,65786500
Consumer,88201,5475100
Producer,48335,65816900
Consumer,92114,6439800
Consumer,2230,0
Producer,87957,65869100
Consumer,8862,100
Producer,20950,65905800
Consumer,81461,3097600
Producer,14075,65925300
Consumer,2013,0
Producer,94915,65969300
Consumer,85039,877600
Producer,56308,65991200
Consumer,62905,2647100
Producer,73405,66019700
Consumer,93387,6047100
Producer,91776,66061600
Consumer,90920,416800
Consumer,27598,100
Producer,11708,66109200
Producer,67538,66100100
Producer,92015,66100500
Consumer,81597,6894100
Consumer,49484,1557900
Producer,57563,66149500
Consumer,33373,0
Producer,92584,66152400
Consumer,90833,1606800
Producer,75490,66195400
Consumer,92825,1466500
Producer,28167,66249300
Consumer,59303,419100
Producer,6822,66293400
Producer,89948,66326800
Consumer,41105,424400
Producer,15388,66384500
Consumer,76581,763200
Producer,66583,66430300
Consumer,87986,566100
Producer,28839,66474400
Consumer,1281,0
Producer,24487,68676000
Consumer,23329,100
Producer,71529,68743100
Consumer,37248,100
Producer,69821,68860800
Consumer,91678,8975800
Producer,95166,68892900
Consumer,6792,100
Producer,33474,69294600
Consumer,37085,100
Consumer,35949,0
Producer,95813,69374900
Consumer,52978,100
Consumer,61993,100
Producer,75610,69480000
Consumer,73810,100
Producer,85950,69498200
Consumer,5694,0
Producer,25934,69521100
Consumer,90055,0
Producer,53731,69520700
Consumer,92872,100
Producer,24725,69541600
Consumer,44602,100
Producer,53593,69540300
Consumer,51658,100
Consumer,8489,200
Producer,78927,69772300
Producer,84803,69743700
Consumer,93190,263700
Consumer,94119,380800
Producer,70681,69814100
Producer,90081,69810000
Consumer,41132,33400
Consumer,77394,100
Producer,1350,69814900
Consumer,732,0
Producer,62611,69830000
Producer,63205,69815100
Consumer,34835,100
Producer,40597,69854400
Consumer,19522,100
Producer,28951,69946500
Consumer,23547,0
Consumer,99168,0
Producer,73427,70712600
Consumer,46110,100
Producer,37981,70728200
Consumer,98434,100
Producer,77084,70802300
Consumer,97549,100
Producer,9077,71070700
Consumer,10617,100
Producer,26480,71112400
Consumer,10284,0
Producer,50754,71393500
Consumer,65260,311200
Producer,98434,71406900
Consumer,48029,260300
Producer,23963,71416800
Consumer,58889,167000
Producer,3414,71450500
Consumer,21103,700
Producer,39663,73609700
Consumer,7702,0
Producer,69939,74025400
Consumer,65763,2506900
Producer,98098,74132300
Consumer,99590,2418300
Producer,40042,74170600
Consumer,56533,2403400
Producer,61723,74198900
Consumer,51516,2780000
Producer,98020,74222800
Consumer,65570,328200
Consumer,56524,0
Producer,95970,74276200
Producer,40025,74283000
Consumer,99778,272800
Producer,19444,74288400
Consumer,2467,0
Producer,94616,74364200
Consumer,80843,100
Producer,15840,74379200
Consumer,72424,100
Producer,86902,74423700
Consumer,36799,100
Producer,64898,74446000
Consumer,24785,100
Producer,56989,74509000
Consumer,51493,0
Producer,43018,74562300
Consumer,53963,0
Consumer,35253,300
Producer,37887,74675000
Consumer,63612,0
Producer,74943,74724000
Producer,42127,74776200
Consumer,59681,100
Producer,93480,74853500
Consumer,3251,0
Consumer,75222,0
Producer,48755,75185300
Consumer,62780,100
Producer,32135,75223200
Consumer,22215,100
Consumer,7224,100
Producer,29250,75338700
Consumer,65371,0
Producer,95041,75482000
Consumer,78862,0
Producer,47608,75510000
Consumer,95868,0
Producer,49728,75706000
Consumer,56337,100
Producer,79542,75768800
Consumer,59077,0
Consumer,40941,100
Producer,88042,75860100
Producer,49808,75863800
Consumer,23390,0
Producer,18838,75956200
Consumer,87013,0
Producer,14540,76045300
Consumer,21202,0
Producer,6919,76207700
Consumer,55737,100
Producer,47949,76344000
Consumer,9989,0
Producer,53087,76543300
Consumer,42778,0
Producer,37881,76546400
Consumer,53383,146700
Producer,51630,76628300
Consumer,69906,100
Producer,46450,76995400
Consumer,23067,446200
Producer,37005,77146000
Consumer,62711,493200
Producer,26755,77214700
Consumer,38538,100
Producer,61571,77860100
Consumer,56304,100
Producer,54603,77897100
Consumer,7594,100
Producer,69858,77956300
Consumer,16043,0
Consumer,44462,209500
Producer,4587,77997900
Producer,10267,78037000
Consumer,56544,0
Producer,75257,78078900
Consumer,57703,54100
Consumer,7317,0
Producer,42775,78189800
Producer,81063,78188800
Consumer,92356,2055800
Producer,30166,78205000
Consumer,52693,0
Producer,88912,78208000
Consumer,60058,100
Consumer,58467,100
Producer,42992,78260300
Producer,91983,78276400
Consumer,95214,1011100
Producer,93309,78336200
Consumer,88921,31700
Producer,76065,78360000
Consumer,70619,0
Producer,73712,78452800
Consumer,80700,0
Producer,39239,78499400
Consumer,38046,0
Producer,29589,78645300
Consumer,13447,100
Producer,62094,78856700
Consumer,80515,0
Producer,50646,78901300
Consumer,89819,213400
Producer,22484,78951100
Consumer,6452,100
Producer,76831,79103200
Consumer,58599,180600
Producer,38948,79119100
Consumer,24303,100
Producer,81576,79182500
Consumer,70973,195700
Producer,83231,79221600
Consumer,90006,632500
Producer,7201,79285900
Consumer,1123,100
Producer,31041,79634400
Consumer,58973,0
Producer,58156,79690500
Consumer,96327,154100
Producer,13647,79740800
Consumer,16310,0
Producer,2866,80044000
Consumer,7594,100
Producer,81431,80556400
Consumer,160,0
Producer,57872,80740300
Consumer,98857,797400
Producer,77126,80777700
Consumer,61167,901400
Producer,12034,80811700
Consumer,45115,100
Producer,27256,80838200
Consumer,3625,100
Producer,57265,80857300
Consumer,91092,683500
Producer,76290,80880100
Consumer,51440,658000
Producer,89166,80909500
Consumer,63060,666900
Producer,21568,81003100
Consumer,37290,738600
Producer,37499,81069300
Consumer,72989,720300
Producer,41296,81094800
Consumer,16514,693500
Producer,21160,81113400
Consumer,36412,100
Producer,30713,81490200
Consumer,34032,100
Producer,6423,81533400
Consumer,7129,100
Producer,57529,81570300
Consumer,61699,0
Producer,24382,81607800
Consumer,14817,0
Producer,95818,81759900
Consumer,22103,100
Consumer,61601,668800
Producer,15472,81780800
Producer,8684,81776700
Consumer,54009,100
Producer,2298,81818200
Consumer,4210,100
Producer,8942,82690500
Consumer,8074,0
Producer,60429,82987400
Consumer,3629,100
Producer,23134,83016800
Consumer,23778,0
Producer,48287,82999700
Consumer,96124,1557500
Producer,16469,82970700
Consumer,3578,0
Producer,57281,82982100
Consumer,40909,100
Producer,49410,82967400
Consumer,80990,0
Producer,11410,82949200
Consumer,19163,1552700
Producer,20707,82926000
Consumer,328,0
Producer,38163,83118000
Consumer,54555,1808500
Producer,96216,83101100
Consumer,34231,1788600
Consumer,54771,100
Consumer,3351,0
Producer,78093,83117300
Producer,65909,83098200
Consumer,54369,1854600
Consumer,66866,1818900
Producer,76771,83051800
Consumer,68338,100
Producer,53814,83034500
Consumer,81412,1820000
Producer,68428,83009300
Producer,22578,82981700
Consumer,43490,1792200
Consumer,43107,1799000
Producer,58632,82999600
Producer,73177,82938600
Consumer,55675,0
Consumer,19352,1732700
Consumer,26874,0
Producer,97358,82995100
Producer,4477,82949200
Consumer,39636,1557700
Consumer,29208,100
Consumer,47330,1569900
Producer,53164,82917500
Producer,67757,82899000
Producer,21665,82854400
Consumer,20079,1641200
Consumer,41262,1613800
Consumer,59195,1594600
Producer,18405,82894200
Producer,33807,82831700
Consumer,62923,4355300
Producer,91969,82790000
Consumer,59074,1588300
Producer,99476,82748700
Consumer,53278,1577100
Producer,22708,82756500
Consumer,50423,1571700
Consumer,35385,100
Producer,26991,82722100
Producer,35869,82731800
Consumer,89596,1629700
Producer,42961,82789000
Consumer,76306,1610200
Producer,3693,82774600
Consumer,6025,0
Producer,41376,83086800
Consumer,25178,1905200
Producer,86989,83088100
Consumer,62036,3465300
Producer,74327,83041500
Consumer,78039,3973700
Producer,91848,83025600
Consumer,47908,1874700
Consumer,21506,100
Producer,19307,83009700
Producer,56363,82980400
Consumer,87087,3863500
Consumer,38311,1892600
Producer,45976,82977100
Consumer,35234,0
Producer,17294,82961400
Consumer,35087,1908800
Producer,58410,82902200
Producer,43392,82894800
Consumer,77850,1902800
Consumer,2383,100
Consumer,6734,0
Producer,26690,82874900
Producer,98275,82856800
Producer,18346,82772100
Consumer,71722,1789400
Consumer,4478,100
Consumer,42180,1617400
Producer,91252,82728500
Producer,23108,82739000
Producer,20472,82718000
Consumer,86705,3458300
Consumer,64817,3020900
Producer,75143,82734100
Producer,17382,82743900
Consumer,64637,1335000
Producer,96065,82743300
Consumer,90481,5618300
Producer,73957,82690300
Consumer,83209,1073800
Producer,54063,82682000
Consumer,86108,5932900
Producer,10729,82671800
Consumer,15837,979600
Producer,93246,82676300
Consumer,52807,904200
Producer,11754,82642300
Consumer,31568,100
Producer,80490,83097000
Consumer,91215,1160300
Producer,76593,83016500
Consumer,91444,1122500
Producer,31484,83021700
Consumer,20558,200
Producer,84746,83088600
Consumer,50413,3017200
Producer,64238,83081300
Consumer,96938,2699100
Consumer,20457,100
Producer,27197,83109900
Producer,26933,83102800
Consumer,44843,1188100
Producer,76473,83140000
Consumer,75877,4001400
Producer,11655,83138100
Consumer,3749,100
Producer,61506,86216500
Consumer,7843,100
Producer,89436,86222100
Consumer,93106,9435400
Producer,8367,86204500
Consumer,60529,3493900
Producer,42045,86146800
Consumer,25221,700
Producer,51376,86501500
Consumer,25143,3645300
Producer,68586,86547800
Consumer,54006,100
Producer,11052,86564300
Consumer,74467,3446100
Producer,70179,86494100
Consumer,75353,0
Producer,52746,86796300
Consumer,54228,2309800
Producer,63298,86758300
Consumer,61415,2254100
Producer,60564,86743600
Consumer,65802,2303100
Producer,5047,86748600
Consumer,848,100
Producer,90407,88137600
Consumer,37711,2668400
Producer,84165,88080300
Consumer,84549,6223000
Consumer,11195,0
Producer,59698,88102800
Producer,6496,88086700
Consumer,50416,0
Consumer,28008,100
Producer,22751,88125600
Producer,88404,88076300
Consumer,73711,2511700
Consumer,59089,2382400
Producer,4154,88021900
Producer,36043,87998200
Consumer,48422,100
Producer,78972,87982500
Consumer,75946,1925000
Producer,90931,87937100
Consumer,92602,0
Producer,10763,87961800
Consumer,6201,1619300
Producer,35901,87902400
Consumer,31241,100
Producer,75340,88396000
Consumer,21331,2110800
Producer,91892,88383400
Consumer,26580,2073200
Consumer,87512,100
Producer,71124,88163400
Consumer,48577,100
Producer,25056,88183000
Consumer,42352,0
Producer,59438,88214300
Consumer,43780,100
Consumer,32736,1993700
Consumer,9591,0
Producer,50921,88259500
Consumer,55569,2006600
Producer,73802,88278300
Producer,1695,88242500
Consumer,24618,0
Producer,81481,88220000
Consumer,72754,100
Consumer,9871,0
Producer,90054,88201700
Consumer,56792,2030100
Consumer,39785,2021400
Producer,35344,88182900
Consumer,26859,2015900
Producer,52052,88171300
Producer,34804,88145600
Consumer,56636,2046200
Producer,93351,88152400
Producer,3158,88118900
Consumer,65033,2063600
Producer,6270,88117900
Consumer,88603,2033400
Producer,92304,88082100
Consumer,83445,1989800
Producer,6043,88068300
Consumer,27828,1974400
Producer,81193,87917400
Consumer,65696,100
Producer,51403,87952000
Consumer,71290,1949800
Producer,87732,87888400
Consumer,40444,1946600
Producer,45369,87807800
Consumer,47996,1938700
Producer,11999,87783000
Consumer,25161,1929100
Producer,81142,87729400
Consumer,34546,1923100
Producer,35948,87753900
Consumer,84770,1913400
Producer,65565,87737900
Consumer,70061,1976100
Producer,71715,88141900
Consumer,7368,2390500
Producer,48706,88209800
Consumer,82238,2465800
Producer,53850,88314400
Consumer,68793,2471700
Producer,57499,88283500
Consumer,93099,11062600
Producer,63896,88293700
Consumer,75102,5002700
Producer,32322,88254200
Consumer,50921,2421600
Producer,20835,88229900
Producer,88356,88208500
Consumer,94731,10198900
Producer,9271,88191400
Producer,70320,88202300
Consumer,43284,2449200
Consumer,34356,2418400
Producer,41089,88204300
Consumer,60567,100
Producer,31515,88186500
Producer,89305,88142600
Consumer,52293,2292800
Consumer,60187,4066200
Producer,86545,88157800
Consumer,68972,0
Producer,38092,88070100
Producer,33693,88016700
Consumer,56280,2109500
Producer,67666,88003900
Consumer,42629,1856900
Producer,16178,88026200
Consumer,58767,0
Producer,32893,88404600
Consumer,8243,100
Producer,41570,88404000
Consumer,89089,4163700
Producer,10639,88365600
Consumer,5595,0
Producer,32044,88667900
Consumer,10834,100
Producer,32043,88644800
Consumer,35868,1446700
Producer,63306,88637500
Consumer,56986,1425600
Consumer,10372,0
Producer,95706,88616700
Producer,21493,88537400
Consumer,29078,0
Consumer,53236,3922700
Producer,78510,88518100
Consumer,98105,100
Producer,71713,88428000
Consumer,90310,8089400
Producer,38995,88425000
Consumer,50555,6975400
Producer,71833,88426100
Consumer,68407,1529800
Producer,99464,88385400
Consumer,47291,1546400
Producer,65328,88375100
Consumer,82995,3778700
Producer,16962,88288200
Producer,58337,88160000
Consumer,88713,1498800
Consumer,8824,100
Producer,18505,88198700
Producer,91214,88160900
Consumer,87253,5393400
Producer,5390,88144900
Consumer,36407,100
Producer,93011,88396200
Consumer,72573,1296300
Producer,86752,88333400
Consumer,75595,5347300
Producer,99056,88312800
Consumer,61836,1265600
Producer,9680,88294800
Consumer,54288,1262400
Producer,84587,88269700
Consumer,97118,0
Producer,27112,88246700
Consumer,41534,1235300
Producer,39949,88211200
Consumer,45282,1250200
Producer,14433,88277100
Consumer,19006,1335100
Producer,80610,88253500
Consumer,61143,1296900
Producer,79138,88239100
Consumer,37982,0
Consumer,50077,1330600
Producer,45275,88202900
Producer,37418,88178600
Consumer,85927,5680200
Producer,11047,88170500
Consumer,8510,100
Producer,78090,88580300
Consumer,80030,2938600
Producer,21115,88570800
Consumer,13967,0
Producer,33293,88616800
Consumer,18731,100
Producer,29480,88639700
Consumer,50919,0
Producer,1082,88637300
Consumer,12983,0
Producer,71933,88997200
Consumer,66549,1474600
Producer,55829,88974800
Consumer,40344,2767200
Producer,52743,88953200
Consumer,39428,0
Producer,65704,88939200
Consumer,90347,2504800
Producer,23545,88906900
Consumer,2778,100
Producer,53873,88895400
Consumer,12239,0
Producer,32763,88833100
Consumer,3880,100
Consumer,94777,957600
Producer,72006,88743400
Producer,49912,88729800
Consumer,26512,100
Consumer,18442,928800
Producer,45945,88739600
Producer,55431,88720500
Consumer,96897,941800
Consumer,16448,100
Consumer,64622,100
Producer,37485,88757800
Producer,20876,88748600
Producer,91070,88720100
Consumer,92762,7732500
Producer,50433,88789800
Consumer,39482,956400
Producer,86488,88817300
Consumer,74130,2134800
Consumer,30659,0
Producer,78665,88809400
Producer,49387,88777600
Consumer,94414,1032800
Consumer,66185,1030700
Producer,13320,88788900
Producer,20400,88780700
Consumer,22083,1055000
Producer,19860,88800600
Consumer,40758,100
Producer,5019,89801100
Consumer,9864,0
Producer,86449,90035900
Consumer,58170,2258700
Producer,13070,89995100
Consumer,22848,2247300
Producer,6499,89978900
Consumer,29710,0
Producer,5867,89964300
Consumer,1717,100
Producer,19018,90271500
Consumer,2670,100
Producer,47079,90366100
Consumer,62511,6571400
Producer,55048,90362800
Consumer,3826,100
Producer,60209,90351700
Consumer,89343,8487300
Producer,28015,90311200
Consumer,37417,3457200
Producer,30816,90317700
Consumer,31247,100
Producer,55248,90350800
Consumer,21214,100
Producer,18386,90310200
Consumer,70041,3268000
Producer,11745,90340300
Consumer,3258,0
Producer,13738,91178700
Consumer,24908,100
Producer,52146,91749200
Consumer,43325,2745300
Producer,59356,91766400
Consumer,21657,100
Producer,25476,91762600
Consumer,44591,2750400
Producer,47760,91754300
Consumer,46814,2725300
Producer,84120,91724200
Consumer,74364,100
Consumer,31290,2720600
Producer,96510,91722400
Producer,14786,91693700
Consumer,89644,2741600
Producer,26439,91684600
Consumer,45466,4831700
Producer,7295,91667500
Consumer,7793,0
Producer,14933,91807700
Consumer,19627,100
Producer,16358,91828600
Consumer,11522,100
Consumer,5799,0
Producer,70384,91813700
Producer,52471,91808600
Consumer,96870,100
Consumer,22447,2871400
Producer,53124,91880000
Producer,78247,91888000
Consumer,22937,0
Consumer,41141,2957000
Consumer,12711,0
Consumer,17015,2876500
Producer,17323,91882200
Producer,54531,91871100
Producer,46244,91861600
Consumer,78948,0
Producer,22073,91851500
Consumer,66343,3032000
Consumer,33450,0
Producer,18269,91977000
Producer,66275,92014200
Producer,55046,92036900
Consumer,93021,3236100
Producer,68091,92326800
Consumer,61575,3390100
Producer,37464,92312900
Consumer,29859,3392800
Producer,18709,92339800
Consumer,76581,6823200
Producer,14926,92332700
Consumer,22132,0
Producer,70799,92804900
Consumer,12018,3845200
Producer,3062,92834300
Consumer,36100,100
Producer,18065,92835600
Consumer,32393,100
Producer,52894,92878100
Consumer,31723,3926900
Producer,67486,92863500
Consumer,28190,3890400
Producer,57980,92845300
Consumer,65312,3835800
Producer,76148,92829700
Consumer,5460,100
Consumer,43790,3713400
Producer,36780,92841100
Consumer,24829,100
Producer,25056,92836100
Consumer,68005,3758800
Producer,15893,92806900
Producer,55098,92812400
Consumer,29148,0
Consumer,48916,3837000
Consumer,38248,3795300
Producer,40606,92918800
Producer,81491,92904300
Producer,36044,92872400
Consumer,23969,3695000
Consumer,32463,3693800
Consumer,48644,7770900
Producer,70254,92965700
Producer,32822,92947200
Producer,17489,92921400
Consumer,48360,3474100
Consumer,85359,3458500
Producer,92383,92950600
Producer,35507,92973000
Consumer,40251,3458700
Consumer,80784,3334400
Producer,19982,92974200
Producer,61068,92962100
Consumer,41735,3368500
Consumer,18815,3370600
Producer,27430,92954400
Producer,54406,92917800
Consumer,15225,3353400
Consumer,93577,6076000
Producer,7424,92896800
Producer,23379,92942400
Consumer,79734,3387500
Producer,49398,92951100
Consumer,19175,0
Producer,57231,93748200
Consumer,92485,100
Producer,70665,93742400
Consumer,28221,100
Producer,87463,93795600
Consumer,25706,100
Consumer,88323,10603000
Producer,52243,93747400
Producer,59355,93711300
Consumer,89278,4280900
Consumer,35039,100
Producer,66470,93724300
Consumer,68787,0
Producer,23390,93680900
Consumer,26221,4283900
Producer,12661,93681200
Producer,69450,93654600
Consumer,43264,7051900
Consumer,26731,0
Producer,50930,93615500
Producer,82956,93614400
Consumer,99767,4045900
Producer,45469,93595200
Consumer,30879,3827500
Producer,7403,93587700
Consumer,49055,7001900
Producer,13387,93694100
Consumer,8416,0
Producer,35076,93853900
Consumer,37310,100
Producer,79397,93915800
Consumer,95071,7176200
Producer,1330,93888900
Consumer,3256,0
Producer,79684,94127000
Consumer,23654,100
Producer,38999,94147800
Consumer,78464,3502700
Producer,48986,94150900
Consumer,28613,100
Producer,20636,94167000
Consumer,56249,0
Producer,85956,94635900
Consumer,62604,7813400
Producer,16661,94619100
Consumer,37431,100
Producer,85124,94722900
Consumer,93946,7614800
Producer,67808,94708500
Consumer,63537,6820300
Producer,75065,94700600
Consumer,71116,3431600
Producer,77765,94690100
Consumer,81682,100
Producer,26676,94694000
Consumer,33482,0
Producer,95471,94745700
Consumer,51348,0
Producer,21794,95051900
Consumer,63885,3406900
Producer,71598,95041400
Consumer,26338,0
Producer,68744,95054100
Consumer,88715,6904500
Producer,37214,95043900
Consumer,9920,0
Producer,50024,95109200
Consumer,53000,2679600
Producer,88106,95101500
Consumer,62877,6987800
Producer,9278,95090000
Consumer,85229,9708700
Producer,40782,95080300
Consumer,17590,0
Producer,65391,95129700
Consumer,63012,6734300
Producer,7442,95160300
Consumer,15995,100
Producer,55072,95443700
Consumer,7140,100
Producer,70470,95466000
Consumer,91867,13359100
Consumer,39690,100
Producer,90292,95456300
Producer,1958,95427100
Consumer,96920,2514700
Producer,630,95431700
Consumer,933,0
Producer,1872,97945600
Producer,98943,101900500
Producer,2188,101794800
Producer,49471,101617300
Producer,46156,101467500
Consumer,95375,19709700
Consumer,70683,12555900
Producer,61933,168891700
Consumer,88232,9232700
Producer,51865,100309900
Producer,65374,100281500
Consumer,68154,8910200
Producer,69029,100264900
Consumer,37672,8844300
Producer,99999,100081700
Consumer,92855,8844000
Producer,99924,169039500
Consumer,49160,8859700
Producer,22465,100184800
Consumer,52306,8884800
Producer,45773,100200400
Consumer,48767,8878600
Producer,69556,100208500
Consumer,25406,8883200
Consumer,24073,12020200
Producer,27734,100194300
Producer,6639,100151800
Consumer,90859,18045100
Consumer,60572,8897300
Producer,69615,169372200
Producer,14191,100133300
Consumer,96630,8893800
Producer,43365,169234800
Producer,12213,114659100
Producer,75303,114583700
Producer,27586,114512800
Producer,5782,113703200
Producer,31470,113600300
Consumer,89039,24318500
Producer,50491,116987800
Producer,5953,116949500
Consumer,78380,27092100
Producer,43237,116946600
Consumer,85163,24361500
Producer,44324,116309700
Consumer,56025,24306100
Producer,95661,115341100
Consumer,64791,24280900
Producer,57434,114148700
Consumer,44887,24300200
Producer,50442,180270800
Consumer,53423,24232700
Producer,97921,178762900
Consumer,93908,36388700
Producer,44239,102880200
Consumer,74098,24026300
Producer,95750,170474800
Consumer,75117,33839500
Producer,92417,166330600
Consumer,76188,23880600
Producer,94453,166135100
Consumer,58649,26426200
Consumer,94478,41872600
Producer,83457,164876200
Consumer,68824,24029100
Producer,93121,164702300
Consumer,49979,24028200
Producer,80541,164533100
Consumer,53685,24034400
Consumer,87697,24030600
Producer,87237,164330300
Consumer,31296,24015900
Producer,99670,163895200
Consumer,16429,24011800
Consumer,5590,23990500
Consumer,89198,115275500
Consumer,7669,115672900
Consumer,38405,115692500
Consumer,16680,115536600
Consumer,1257,115529200
Consumer,1825,115468100
Producer,69030,230652800
Consumer,34363,114212800
Consumer,7516,114061900
Producer,66884,230441100
Producer,91925,230458100
Consumer,44831,117114700
Consumer,46365,117104600
Consumer,49520,117114800
Consumer,23699,116885600
Consumer,12994,116853500
Producer,57333,229848400
Producer,90526,229849700
Consumer,45464,116871300
Consumer,39234,116875900
Producer,87767,228719900
Consumer,77103,116971800
Consumer,42611,116979500
Producer,45732,212689400
Producer,68324,212531000
Consumer,90890,117099200
Producer,38975,212212700
Producer,76194,280449100
Consumer,7895,117162800
Consumer,31069,117211000
Consumer,79316,117193800
Consumer,21842,117192000
Producer,79247,212341600
Producer,43606,212348800
Producer,35431,212320300
Consumer,90835,117341700
Consumer,81938,116021900
Producer,97735,259997700
Consumer,85980,116030700
Producer,93758,259215700
Consumer,69208,116039100
Producer,67644,258417200
Consumer,48432,115949900
Producer,79542,233074200
Consumer,85130,115835500
Producer,87414,232912900
Consumer,77278,115751400
Producer,61839,232679000
Consumer,52763,115784400
Producer,91026,231949500
Consumer,86042,119914200
Producer,66525,231995400
Consumer,72912,129496600
Producer,78260,231637500
Consumer,81551,118759200
Producer,86599,229679400
Consumer,70503,118768800
Consumer,74723,222948100
Producer,77919,318400400
Producer,91294,318362700
Consumer,72089,223132100
Consumer,43501,223003100
