Producer,236,300
Producer,452,300
Producer,204,200
Producer,721,3200
Producer,79,200
Consumer,21,300
Producer,37,200
Producer,43,200
Producer,41,200
Consumer,621,200
Consumer,552,200
Consumer,62,100
Producer,134,200
Consumer,662,200
Producer,832,752600
Consumer,815,309200
Producer,6940,600
Producer,9958,800
Producer,289,300
Producer,581,600
Producer,648,400
Producer,585,200
Producer,743,400
Producer,166,300
Consumer,244,300
Consumer,8719,200
Producer,6115,500
Consumer,6496,300
Producer,7700,300
Producer,1707,300
Consumer,3707,200
Consumer,3051,400
Producer,6437,33066500
Consumer,5190,300
Consumer,9476,300
Consumer,1147,200
Producer,7290,33253400
Producer,5336,100
Consumer,2583,300
Consumer,121,300
Consumer,9004,200
Producer,6436,32993600
Producer,8655,32959400
Consumer,899,300
Consumer,7149,200
Producer,6530,33314900
Consumer,9066,300
Consumer,5006,400
Producer,6086,33507400
Consumer,2832,300
Producer,4603,33581700
Consumer,1794,200
Consumer,7016,300
Producer,5598,33929300
Producer,8121,33872400
Consumer,2994,200
Consumer,6485,200
Consumer,3258,200
Producer,8699,34001800
Consumer,8888,1089700
Producer,5747,34101400
Producer,2036,33853400
Consumer,4353,200
Consumer,4255,200
Producer,784,33891900
Consumer,1092,200
Producer,4815,33999800
Consumer,2877,200
Producer,9791,33963400
Consumer,4925,200
Consumer,4762,1416700
Producer,1176,34033500
Consumer,1546,100
Consumer,4192,1317000
Producer,3426,34518900
Producer,9871,34452600
Consumer,1649,300
Consumer,9395,1617700
Consumer,2226,100
Producer,1984,34651900
Consumer,129,200
Producer,285,34667800
Consumer,1758,200
Producer,1340,34827000
Producer,8326,34734900
Consumer,7280,200
Consumer,2844,200
Producer,9584,34805400
Consumer,7464,100
Consumer,2034,200
Producer,8070,34927700
Consumer,7962,3216400
Producer,9110,35193600
Consumer,7311,300
Consumer,143,100
Producer,4874,35348700
Consumer,3216,100
Consumer,794,200
Producer,9899,35368200
Consumer,1680,200
Consumer,1878,200
Consumer,45,100
Consumer,1952,100
Consumer,5603,100
Producer,3079,8517700
Consumer,2087,200
Consumer,1652,100
Consumer,553,100
Producer,3749,8715800
Consumer,3943,200
Producer,1547,8865400
Producer,6886,8953200
Consumer,8506,3744300
Producer,7043,9032400
Consumer,2165,200
Producer,9342,9148100
Consumer,4159,200
Consumer,7320,2473600
Producer,2702,9281800
Producer,9802,9345000
Consumer,8657,200
Producer,6956,9409400
Consumer,1921,200
Consumer,4869,200
Consumer,4915,100
Producer,7406,9627800
Producer,7716,9695300
Consumer,6464,400
Consumer,8356,3027500
Producer,7298,9911300
Producer,3140,9956400
Producer,6074,10070000
Producer,485,10230600
Consumer,6702,3412200
Consumer,3219,200
Producer,418,10509500
Consumer,2515,200
Producer,9820,10594500
Consumer,742,200
Consumer,6617,100
Consumer,6387,6741800
Producer,3336,10966800
Consumer,4856,4086100
Producer,5383,11221400
Producer,3747,11311400
Consumer,9263,4023200
Producer,4135,11335800
Consumer,5886,200
Producer,1136,11677900
Consumer,1093,4454800
Producer,6449,11827500
Consumer,516,400
Producer,3189,12066400
Producer,6245,12177200
Consumer,5797,4850800
Consumer,2745,4929000
Producer,7497,12511200
Producer,2797,12523700
Consumer,8191,5153000
Consumer,2544,6884600
Consumer,4255,4688100
Producer,6880,12766900
Producer,8260,12830300
Consumer,2419,4842300
Consumer,7905,7341300
Producer,5348,13029800
Producer,2487,13138500
Producer,591,13244600
Consumer,3072,5234200
Consumer,917,200
Producer,939,13545800
Consumer,9501,8091700
Producer,5654,13803300
Consumer,2057,200
Consumer,3969,8179600
Producer,9916,14117700
Consumer,6395,6067200
Producer,5422,14436500
Consumer,6418,11193600
Producer,899,14377700
Consumer,4215,5802400
Producer,6674,14507600
Producer,7385,14578800
Consumer,4612,8429200
Consumer,9153,4431100
Producer,770,14758200
Producer,1739,14800500
Producer,1689,14855900
Producer,2035,15226700
Producer,6651,15008900
Consumer,9357,10499800
Producer,3565,15183700
Producer,3798,15225900
Consumer,8088,4034700
Producer,7677,15218300
Consumer,3248,8525700
Producer,7415,15196100
Consumer,6044,8404100
Producer,3888,15206200
Consumer,6352,10725900
Producer,8138,15490800
Consumer,7499,10595900
Consumer,7447,6621900
Producer,7464,48149100
Consumer,8889,6299200
Producer,9101,47822500
Producer,6315,47018400
Producer,2767,18739800
Consumer,8188,11655200
Producer,9798,50433100
Producer,61566,300
Producer,6258,100
Producer,92149,300
Producer,35647,200
Producer,2012,300
Producer,2054,900
Producer,3,200
Producer,33,400
Producer,81,200
Consumer,90678,500
Consumer,96531,300
Producer,86887,50542500
Producer,62527,50593200
Consumer,8012,200
Consumer,27235,163100
Producer,68915,200
Consumer,80144,200
Producer,31912,50905200
Producer,39327,0
Consumer,82555,200
Producer,18663,52252100
Consumer,86903,300
Producer,6373,52393400
Producer,44257,100
Consumer,48100,162900
Producer,91774,52426000
Consumer,47443,2900
Producer,17669,52512300
Producer,98107,100
Consumer,89451,300
Producer,14712,52723900
Consumer,98471,200
Producer,84658,52867000
Producer,23237,100
Producer,60865,0
Consumer,95378,200
Producer,31277,53344400
Producer,4586,100
Producer,25726,100
Producer,26778,100
Consumer,8803,200
Producer,21114,53930800
Consumer,8710,300
Producer,1128,100
Consumer,27187,200
Producer,2971,0
Producer,23893,100
Producer,3546,100
Consumer,62049,200
Producer,53195,55293400
Producer,12207,100
Consumer,47842,200
Consumer,58908,200
Producer,21763,55775700
Consumer,1323,200
Consumer,82470,100
Producer,61084,55862500
Producer,27166,100
Producer,17699,0
Producer,14756,0
Consumer,80263,200
Producer,10594,56202200
Producer,86333,100
Consumer,48637,200
Producer,28625,100
Producer,9826,56320200
Consumer,3576,300
Consumer,84543,300
Producer,88099,100
Producer,33666,56340600
Consumer,77659,200
Producer,85355,56243900
Consumer,358,300
Consumer,24393,200
Consumer,11063,200
Consumer,7640,300
Producer,24566,100
Consumer,15250,100
Producer,28158,51576100
Consumer,32414,200
Producer,24423,52093700
Consumer,78592,200
Producer,89818,52242500
Consumer,39491,200
Producer,7498,52291500
Producer,25913,100
Consumer,62178,200
Producer,51576,0
Consumer,3790,200
Producer,7943,0
Consumer,57653,200
Producer,45482,52985200
Producer,23683,0
Consumer,18744,200
Producer,22016,53406800
Consumer,20153,200
Consumer,70341,200
Producer,2760,100
Producer,22868,53640200
Consumer,37582,200
Producer,79787,53702400
Producer,24439,0
Consumer,51423,200
Producer,34896,100
Producer,6848,0
Consumer,50241,200
Producer,25503,0
Consumer,73969,100
Producer,25416,54450000
Consumer,77797,100
Producer,58518,54488000
Producer,2639,100
Producer,30428,54249800
Producer,46731,100
Producer,13045,0
Consumer,27069,200
Producer,4466,0
Consumer,35219,300
Producer,7572,54966500
Producer,48882,100
Consumer,18672,200
Producer,20821,100
Producer,3160,0
Consumer,28755,200
Producer,18889,55168700
Consumer,37740,300
Producer,53239,100
Consumer,64608,300
Consumer,18398,100
Producer,25144,100
Producer,54181,55694600
Consumer,89630,200
Producer,66816,56328200
Producer,19308,100
Consumer,48183,200
Producer,16229,0
Producer,34749,100
Consumer,5168,200
Consumer,86477,100
Producer,56510,59058300
Consumer,20712,200
Consumer,83904,200
Producer,96451,59090200
Producer,42122,100
Consumer,95455,200
Producer,49506,59134300
Producer,47372,59109800
Consumer,36589,300
Producer,9885,100
Producer,20823,0
Consumer,40552,1400
Consumer,86816,200
Producer,7861,100
Producer,11444,61854000
Producer,72940,100
Producer,23802,100
Producer,20560,100
Consumer,65212,200
Producer,40062,62491700
Consumer,15517,100
Producer,33347,100
Producer,2696,62542700
Consumer,27737,200
Producer,30613,100
Consumer,1227,300
Consumer,19548,300
Consumer,71522,200
Producer,37931,100
Producer,11457,100
Producer,18581,0
Consumer,91726,200
Producer,43791,100
Producer,58746,0
Consumer,95449,200
Producer,31557,64161300
Producer,4790,100
Producer,14092,100
Producer,13565,100
Producer,21036,100
Consumer,19052,200
Producer,28237,64409600
Consumer,77875,200
Producer,54663,64433200
Producer,26530,0
Consumer,99911,300
Consumer,4095,100
Producer,39532,64625000
Producer,58930,64604700
Consumer,58067,200
Producer,58534,100
Producer,14304,64592800
Consumer,17331,100
Consumer,41653,200
Producer,3316,64672000
Producer,17093,100
Producer,28500,64629400
Producer,14176,100
Consumer,97451,200
Producer,80906,65035400
Consumer,32687,16600
Consumer,93502,200
Producer,91240,100
Producer,36067,65157500
Producer,777,0
Consumer,60044,200
Producer,30221,65207300
Producer,11118,100
Producer,138,0
Producer,11881,0
Producer,4297,0
Consumer,42856,200
Consumer,48297,200
Producer,65689,65597500
Consumer,10759,200
Producer,35227,100
Consumer,66404,200
Producer,57615,65626700
Producer,11143,100
Producer,9515,0
Consumer,48947,200
Consumer,63163,100
Producer,98896,0
Producer,1738,65826200
Consumer,9546,300
Consumer,85146,200
Producer,98353,65885400
Consumer,92117,200
Producer,27689,65932400
Consumer,13556,200
Consumer,65030,200
Producer,28353,65916800
Producer,15548,65820200
Producer,9273,65790300
Consumer,6588,100
Consumer,63115,200
Producer,83298,65894500
Producer,71095,65916000
Consumer,92586,100
Consumer,74050,95600
Consumer,12703,200
Producer,21396,65957100
Producer,97430,65923200
Consumer,40798,100
Producer,23562,65924400
Consumer,91183,70000
Producer,38813,65938200
Producer,69696,65912900
Consumer,10169,100
Consumer,77839,104600
Producer,33851,66026600
Producer,22904,65993000
Producer,46881,100
Consumer,46452,200
Producer,90720,66280500
Consumer,83491,100
Producer,57640,66304700
Producer,23708,200
Consumer,98610,500700
Consumer,5110,200
Consumer,18321,200
Producer,3658,66340200
Producer,17428,100
Producer,4212,66237600
Producer,45014,66312500
Consumer,91483,926100
Producer,39295,100
Producer,17026,100
Producer,37066,66345100
Consumer,99330,942200
Consumer,24885,100
Producer,19650,66405500
Producer,1930,66415300
Producer,26556,0
Consumer,22045,100
Producer,57044,66599200
Consumer,13829,200
Consumer,56403,255900
Producer,51835,66603400
Producer,64745,66595800
Consumer,81494,300
Producer,59404,100
Consumer,78207,654200
Producer,66727,66735000
Consumer,97989,1168600
Producer,8821,66765600
Producer,62503,100
Producer,36621,0
Producer,65979,66672300
Consumer,35078,100
Consumer,88780,619500
Producer,82934,66766600
Consumer,19700,200
Producer,64256,66766900
Consumer,63206,704200
Producer,24199,100
Consumer,28575,200
Consumer,63089,1218500
Producer,29866,100
Producer,47108,67048300
Consumer,15164,100
Consumer,64845,1513000
Producer,21329,67090000
Producer,58127,67114400
Producer,56447,0
Consumer,84502,755000
Consumer,92714,263000
Producer,20586,67270900
Producer,50895,67281900
Consumer,73742,277800
Producer,55591,67240000
Consumer,36068,200
Producer,99136,67184600
Consumer,10209,200
Consumer,16910,225900
Producer,51386,67193000
Consumer,72069,200
Producer,11949,67217600
Producer,25651,67164000
Consumer,5020,200
Producer,28843,67108600
Consumer,69554,200
Consumer,21407,200
Producer,27044,67130600
Producer,83960,67123600
Consumer,29296,100
Producer,6370,67056700
Producer,19730,66862300
Consumer,7367,200
Consumer,79187,149000
Producer,51928,66899800
Producer,10998,100
Consumer,63733,200
Producer,38696,66810100
Producer,16483,66706500
Consumer,43911,200
Producer,54190,66747400
Producer,69110,100
Consumer,81876,100
Producer,19734,66716600
Consumer,59864,200
Producer,50847,66628600
Consumer,15008,200
Producer,13325,66675900
Consumer,29938,200
Producer,53828,66711800
Consumer,79958,100
Producer,35491,0
Producer,45081,66722100
Consumer,3988,100
Consumer,38487,200
Producer,6199,66711400
Producer,885,66581000
Consumer,10656,200
Consumer,67791,100
Producer,31773,66546700
Producer,50381,66479900
Consumer,61169,67600
Producer,95190,100
Consumer,55252,200
Producer,24817,66531800
Producer,29966,0
Producer,42729,66504200
Consumer,52224,200
Consumer,91431,200
Producer,58312,66503200
Consumer,79359,200
Producer,38905,66514400
Producer,76766,100
Producer,12603,100
Producer,9480,100
Consumer,65262,200
Producer,96483,66911800
Consumer,74779,200
Producer,51047,66904800
Consumer,83586,200
Producer,13574,66971200
Consumer,23989,200
Producer,59021,66976900
Consumer,83766,100
Producer,91210,100
Consumer,38707,100
Producer,54984,66972300
Producer,26548,100
Consumer,6044,200
Consumer,34106,200
Consumer,43201,200
Producer,33623,67157200
Consumer,28965,2500
Producer,47470,67154400
Producer,16320,100
Producer,12421,67002400
Consumer,5227,100
Consumer,63015,200
Producer,18076,66892400
Producer,17602,100
Consumer,43938,200
Producer,57568,67059700
Consumer,88841,100
Producer,69127,67006300
Consumer,65122,100
Producer,49892,66874900
Consumer,64421,200
Producer,51163,100
Producer,7407,67005400
Producer,42367,0
Consumer,20625,200
Consumer,33183,200
Producer,20500,67066300
Producer,44649,66972500
Consumer,3974,100
Consumer,34879,100
Consumer,87293,200
Producer,20610,66923300
Producer,34176,100
Consumer,50472,200
Producer,29442,67035400
Producer,32958,100
Consumer,19390,200
Consumer,66566,300
Producer,97383,67822800
Producer,54449,67785800
Producer,11595,4400
Consumer,17896,300
Consumer,77124,200
Producer,2199,67991800
Consumer,90092,200
Producer,66640,67989100
Consumer,17075,100
Producer,49854,67963100
Consumer,17857,200
Producer,41967,67930900
Consumer,14055,200
Producer,33887,67895500
Consumer,84869,200
Consumer,61495,100
Producer,23961,67920600
Producer,35730,67898700
Producer,6623,100
Producer,99287,100
Consumer,10989,200
Consumer,3038,200
Consumer,34407,200
Producer,26430,68014100
Consumer,61010,200
Producer,3454,68043500
Consumer,57335,200
Producer,70341,68013000
Producer,57914,100
Consumer,24149,200
Consumer,40122,200
Producer,23593,68068400
Producer,6520,100
Producer,58082,100
Consumer,10435,200
Consumer,20413,200
Producer,3127,68192600
Consumer,69946,100
Consumer,3569,200
Producer,49313,68251800
Producer,12506,68237600
Consumer,53705,300
Producer,27286,68228000
Producer,20881,0
Consumer,60867,200
Producer,59948,68265300
Consumer,96519,200
Producer,39024,68273800
Consumer,42510,100
Producer,26902,68260200
Consumer,21422,200
Producer,72500,68253000
Producer,33880,0
Consumer,66182,200
Producer,46266,68399200
Consumer,54209,200
Producer,55043,68384900
Consumer,69049,200
Producer,39515,68414200
Consumer,13057,300
Producer,39272,68448500
Consumer,82219,200
Producer,28605,68386100
Consumer,61906,200
Producer,13757,68360300
Consumer,20720,6500
Producer,78557,68491200
Consumer,25252,200
Producer,4162,68485400
Producer,96270,100
Consumer,3661,200
Consumer,21611,200
Producer,16676,68467200
Consumer,20019,200
Producer,59467,68494200
Consumer,66452,200
Producer,45222,68550500
Consumer,50451,200
Consumer,78808,200
Producer,91604,68648000
Consumer,75619,200
Producer,11233,68631100
Consumer,18397,100
Producer,71740,68589500
Consumer,76792,200
Producer,34238,68472200
Consumer,31888,200
Producer,28935,68428100
Producer,19099,0
Consumer,99032,200
Producer,32978,68432700
Consumer,33455,300
Producer,88210,68426800
Consumer,9623,33200
Producer,51867,0
Consumer,11546,200
Producer,74434,68470300
Consumer,64132,100
Producer,50942,68378900
Consumer,75835,100
Producer,28048,68196500
Producer,10689,0
Consumer,53467,200
Producer,49281,68309800
Consumer,53776,200
Producer,60129,68308700
Consumer,85344,200
Producer,58615,68281400
Producer,55125,0
Consumer,55916,200
Producer,65292,68293200
Consumer,59949,2400
Producer,34286,68235200
Consumer,16810,200
Producer,1183,68228900
Consumer,67711,100
Producer,13470,68219800
Consumer,57749,200
Producer,88425,68245700
Consumer,62243,300
Producer,82719,68308700
Consumer,3258,200
Producer,8943,68328500
Consumer,61591,100
Producer,32625,68331100
Producer,32147,0
Consumer,54134,200
Producer,99462,68347100
Consumer,45861,200
Producer,41465,68405500
Consumer,28438,200
Producer,18129,100
Consumer,2562,200
Consumer,85649,200
Producer,83567,68568600
Consumer,63571,300
Producer,31971,68514200
Consumer,23089,200
Producer,35187,68558100
Producer,27993,100
Consumer,75805,300
Producer,36304,68542700
Consumer,55901,200
Producer,79717,68527900
Consumer,63500,200
Consumer,81665,200
Producer,59911,0
Producer,51635,68606200
Producer,1489,68544100
Consumer,54827,100
Producer,38623,68496100
Consumer,70545,200
Producer,71312,68322300
Consumer,98444,200
Producer,45043,68126200
Consumer,52998,200
Producer,46855,68118300
Consumer,33515,200
Producer,73278,68101000
Consumer,37992,100
Producer,7143,68072400
Consumer,49658,200
Producer,20945,68011900
Consumer,17013,300
Producer,41841,68033100
Consumer,13727,100
Producer,95669,68016300
Consumer,87598,92400
Consumer,40450,300
Producer,57743,68058500
Consumer,64349,300
Producer,22598,100
Producer,42594,68084000
Producer,82290,68043200
Producer,27560,100
Producer,4866,100
Consumer,7270,400
Consumer,93597,300
Consumer,93817,300
Producer,18854,200
Producer,7746,100
Producer,79204,100
Consumer,73701,200
Consumer,3247,100
Producer,15249,200
Consumer,33559,100
Producer,47577,100
Consumer,39595,0
Consumer,8731,100
Producer,62916,0
Consumer,22091,300
Consumer,20129,200
Consumer,9717,200
Consumer,12121,0
Producer,89237,0
Consumer,53957,200
Producer,97569,0
Consumer,49252,300
Producer,989,100
Producer,88407,100
Consumer,60860,0
Consumer,81473,100
Producer,72805,0
Consumer,63088,200
Consumer,40607,200
Producer,3539,0
Producer,76861,0
Producer,95944,100
Consumer,68964,0
Consumer,69342,100
Consumer,38498,200
Producer,54877,100
Producer,24426,0
Consumer,42013,200
Consumer,28845,100
Producer,41553,100
Consumer,2332,100
Consumer,35319,0
Producer,96640,100
Consumer,83732,100
Consumer,30188,100
Producer,52290,100
Consumer,43479,100
Consumer,1644,100
Producer,539,100
Consumer,6254,200
Producer,72113,100
Producer,20692,100
Consumer,3504,100
Producer,65863,0
Consumer,52328,200
Consumer,39641,100
Consumer,8829,200
Consumer,41056,100
Consumer,5271,200
Producer,34345,200
Consumer,20951,200
Consumer,8453,200
Consumer,5556,200
Producer,21324,100
Producer,47192,100
Consumer,33358,200
Consumer,8363,100
Consumer,29263,200
Consumer,276,100
Consumer,6718,100
Producer,22621,100
Producer,47169,100
Consumer,27427,200
Producer,81776,100
Consumer,95840,100
Consumer,24225,100
Producer,29609,100
Producer,61541,100
Consumer,68833,100
Consumer,17037,200
Consumer,530,200
Consumer,4533,200
Producer,75633,0
Consumer,79166,100
Producer,70914,100
Producer,26573,100
Consumer,86633,100
Consumer,2970,100
Producer,34521,200
Producer,69951,0
Consumer,74050,200
Consumer,26606,200
Producer,63935,100
Producer,36248,100
Consumer,57451,700
Consumer,35873,100
Producer,67382,100
Consumer,4899,100
Consumer,71177,200
Consumer,12406,100
Producer,67439,300
Consumer,63601,200
Producer,69699,200
Consumer,64509,100
Producer,3950,99067700
Producer,9902,99071100
Producer,43064,98916300
Consumer,3860,200
Consumer,8129,200
Consumer,47779,3510400
Producer,78588,100
Consumer,64888,200
Producer,63120,98974900
Consumer,21421,100
Producer,50417,100
Consumer,85341,100
Consumer,23758,100
Producer,55546,100
Consumer,36750,200
Producer,91656,100
Producer,1343,99011800
Consumer,77500,3877700
Consumer,11695,200
Producer,3028,99282300
Producer,33177,99285300
Producer,86930,99240800
Consumer,65086,4221900
Producer,49394,99115700
Producer,15006,99061400
Consumer,62921,100
Producer,40123,99110100
Consumer,83788,0
Producer,49516,99113900
Consumer,16198,200
Consumer,49418,100
Producer,89723,99148000
Consumer,97730,4566600
Producer,12364,99002300
Producer,96117,200
Consumer,95426,4694700
Producer,13365,99062300
Producer,40584,99031400
Consumer,69136,4788300
Producer,61956,99080600
Consumer,33714,2200
Producer,89788,99162300
Producer,55457,100
Consumer,63474,5084400
Consumer,54837,5096000
Producer,32748,100
Consumer,87234,5067300
Producer,61083,99311300
Producer,47260,99281200
Consumer,5843,100
Producer,73699,99280300
Consumer,42019,5211800
Consumer,42736,200
Consumer,47109,5222900
Producer,37429,99307900
Producer,35216,99299800
Consumer,72992,0
Consumer,47107,100
Producer,20954,0
Producer,50436,99431100
Producer,84815,99379400
Consumer,68267,5479800
Consumer,3305,0
Producer,90928,99442900
Consumer,55906,5683300
Producer,59565,99496600
Consumer,42135,5755300
Producer,38726,99478500
Consumer,73761,5782300
Consumer,49814,5751800
Consumer,40060,100
Producer,58315,99519100
Consumer,51416,5810700
Producer,40201,99468800
Producer,47793,99425100
Producer,50404,99224900
Consumer,56776,5947100
Producer,84218,99229800
Consumer,40326,5996900
Consumer,93427,5968500
Producer,71662,99162100
Producer,21160,99150300
Producer,41796,99050900
Consumer,84849,6111200
Consumer,61662,6025100
Producer,84633,99054500
Consumer,70670,6069500
Producer,41631,99059400
Producer,23068,98917100
Consumer,82592,6147000
Producer,78215,98974000
Consumer,35269,0
Producer,81715,98942600
Consumer,75400,6279200
Producer,55854,98918900
Consumer,99039,6314800
Producer,90838,98940100
Producer,6399,98891600
Consumer,80250,6371800
Consumer,2587,100
Producer,2530,98930900
Producer,28376,98844500
Consumer,84964,6449500
Producer,74344,98859400
Producer,5724,98838800
Consumer,64874,6481400
Producer,86390,98856900
Producer,60835,98870000
Producer,3672,98837400
Consumer,89277,6645700
Producer,83882,98872800
Consumer,48944,6677800
Producer,42224,98942500
Consumer,60872,6783500
Consumer,73521,6838800
Producer,35608,99051700
Producer,78927,99056000
Consumer,68706,6963500
Producer,81752,98966800
Consumer,83158,7014200
Producer,19887,98932500
Consumer,65357,7033400
Producer,71622,98919300
Producer,33180,98901000
Consumer,89218,7093300
Producer,65874,98917300
Consumer,97407,7173600
Producer,26886,98966600
Producer,25298,98960500
Consumer,10353,7322600
Consumer,44443,7353800
Producer,42088,99014700
Consumer,48882,7392700
Producer,24911,98931800
Consumer,31872,100
Producer,76746,98867600
Consumer,12083,7468400
Producer,56141,98869400
Consumer,46687,7528200
Consumer,57150,100
Producer,48495,98924400
Consumer,59143,7610200
Producer,11945,98966200
Producer,14223,98937200
Consumer,16603,7650900
Producer,56305,98909700
Consumer,44315,7757700
Producer,44065,98954100
Producer,34213,98977900
Consumer,7863,7832900
Consumer,70888,100
Producer,89880,99020700
Consumer,39764,100
Consumer,39600,7901200
Producer,70332,99044300
Consumer,36360,7944200
Consumer,72561,0
Producer,38932,99096400
Producer,88561,99092700
Consumer,9958,0
Producer,15721,99127000
Consumer,5814,8056300
Consumer,67760,8068500
Producer,58030,99148100
Producer,56871,99109400
Consumer,38031,8136800
Consumer,41137,7997300
Producer,55877,99160000
Producer,11991,99093100
Consumer,88554,7933500
Producer,2651,99080800
Producer,16165,99076700
Consumer,85436,7917800
Producer,3332,99093000
Producer,22006,99057100
Producer,69129,99039600
Consumer,98714,7987500
Producer,36695,98953400
Producer,53248,99086400
Consumer,25611,8205200
Producer,74480,99100700
Producer,47678,99065600
Consumer,94671,8286100
Consumer,43060,8295900
Producer,51519,99028600
Producer,11706,99028700
Consumer,13360,100
Consumer,46022,8319100
Producer,38114,98958600
Consumer,91484,8336300
Producer,29453,98995000
Producer,65355,99060600
Consumer,58911,8387900
Producer,80275,99057000
Consumer,38886,8437000
Producer,7429,99049500
Consumer,47536,8439900
Producer,98659,99097800
Producer,27457,99061500
Consumer,30559,8469200
Consumer,78636,8474800
Producer,59523,99323100
Consumer,76189,8784100
Producer,60416,99380000
Consumer,85730,8740700
Producer,49783,99500400
Producer,89640,99504800
Consumer,16229,8690000
Producer,41311,99508400
Consumer,85538,8773600
Consumer,91739,8720600
Producer,16103,99491400
Producer,1516,99395800
Producer,78422,99383900
Consumer,58888,8837700
Consumer,29017,8858900
Producer,16475,99398200
Producer,26175,99357400
Consumer,49092,8869700
Producer,54488,99372400
Producer,14668,99324400
Consumer,27257,8940900
Producer,58656,99312300
Consumer,71528,9260300
Producer,88679,99563800
Consumer,82334,9329900
Producer,23672,99484600
Consumer,50956,9408200
Producer,56390,99507100
Producer,86550,99489200
Consumer,53809,9496800
Producer,42844,99501700
Consumer,58866,9552000
Consumer,48831,9567900
Producer,72594,99469500
Consumer,67397,9621400
Producer,67143,99419500
Consumer,85832,9563600
Producer,32029,99381500
Producer,1605,99505700
Producer,79392,99514700
Consumer,36224,9799700
Producer,35256,99424300
Producer,57706,99412700
Consumer,69564,9848900
Consumer,16524,9827500
Producer,15222,99450800
Consumer,73235,9846500
Producer,59904,99386200
Producer,87759,99402100
Consumer,32751,9901100
Consumer,94501,9946300
Producer,19151,99501800
Producer,55638,99482900
Consumer,16257,10016400
Consumer,96766,9912300
Producer,729,99534600
Producer,6909,99556000
Consumer,16867,9913900
Producer,89748,99819600
Consumer,64566,10120300
Producer,33978,99872100
Producer,71133,99855200
Consumer,73922,10000700
Consumer,57152,9613800
Producer,12893,99876400
Producer,52099,99875400
Consumer,56650,9653000
Producer,44733,100056600
Consumer,43068,13969400
Producer,63062,100097800
Consumer,37934,9575000
Producer,52340,100107900
Consumer,96507,14099800
Producer,48308,100118700
Producer,85814,100113700
Producer,6282,100080500
Consumer,51001,9575000
Producer,92376,100070300
Consumer,91354,14247300
Producer,84904,100073200
Consumer,52911,9638200
Consumer,50766,9824700
Producer,26495,100266400
Consumer,64014,9891000
Producer,65747,100239700
Producer,1646,100264100
Consumer,79497,14586600
Consumer,29970,100
Producer,58496,100321000
Producer,28055,100257900
Consumer,77436,14278200
Producer,17612,100261200
Producer,19809,100245200
Consumer,39095,14264000
Producer,55089,100240700
Consumer,55852,14238700
Producer,56711,100247000
Producer,34952,100232200
Consumer,74172,14297400
Consumer,8577,14296400
Producer,94270,100250600
Consumer,15594,100
Consumer,97881,14324500
Producer,68916,100274400
Producer,36339,100235100
Consumer,44171,6750500
Producer,86692,100227800
Consumer,48692,14391100
Producer,15441,100195500
Consumer,34487,14417800
Consumer,79072,14412800
Producer,79082,100189700
Producer,75817,100221500
Producer,33822,100223700
Consumer,52060,13965100
Consumer,76379,13973600
Consumer,49795,13971000
Producer,31317,100229700
Producer,7088,100215700
Producer,94815,100232500
Consumer,48608,5626700
Consumer,83553,13944000
Producer,3474,100206300
Producer,11545,100210800
Producer,60136,100223400
Producer,26711,100180700
Consumer,93448,13671600
Producer,42892,100207400
Producer,56934,100216100
Consumer,24837,13559100
Producer,71729,100278100
Consumer,93021,13657200
Producer,27662,100318300
Consumer,70799,13652400
Producer,51330,100341700
Consumer,50331,13094300
Producer,14766,100357700
Producer,47536,100356500
Producer,87829,100315900
Consumer,45940,13185600
Producer,58907,100311900
Consumer,43650,13113200
Consumer,51482,16494500
Producer,79091,100281500
Consumer,88459,16543100
Consumer,87404,12981900
Producer,687,100135200
Producer,72328,100045700
Producer,61483,100068100
Consumer,65945,100
Consumer,40437,11061500
Producer,5059,100133400
Producer,71047,100125400
Consumer,92184,16201600
Producer,4655,100091500
Producer,94218,100070400
Consumer,51210,1940000
Producer,71653,100118200
Consumer,76822,16248100
Producer,56549,100184500
Consumer,85290,1954500
Producer,93968,100211600
Producer,33902,100202700
Consumer,95217,16307000
Consumer,63230,2012600
Producer,48463,100212400
Producer,62890,100181400
Consumer,65238,16250600
Producer,21149,100160500
Producer,71847,100123200
Consumer,87740,15707700
Producer,75005,100119100
Consumer,66688,15318500
Producer,96129,100191300
Consumer,77955,15071500
Producer,18440,100193000
Producer,1874,100155900
Consumer,91711,14783300
Producer,11991,100129300
Producer,6740,100114800
Producer,17910,100091200
Producer,99377,100043500
Producer,52275,99896300
Consumer,52950,13673000
Consumer,83284,13310000
Producer,83577,99937200
Consumer,87803,13260100
Producer,87319,99652000
Producer,32181,99576900
Consumer,85009,17334000
Producer,68381,99555600
Producer,21229,99492600
Consumer,58968,2845800
Producer,25439,99477000
Consumer,99356,16850800
Producer,32306,99452300
Producer,98758,99367300
Consumer,58745,16244300
Producer,50975,99330400
Consumer,88244,16238400
Consumer,70696,16046300
Producer,15018,99205700
Producer,93494,99156800
Producer,50675,99027700
Producer,16236,99042400
Consumer,93887,11972600
Producer,94004,99018000
Consumer,99678,17011600
Consumer,79077,16766900
Producer,77695,98669300
Producer,63015,98583800
Producer,50870,98420700
Consumer,99605,15733100
Consumer,55389,100
Producer,31871,98345500
Producer,74133,98312600
Producer,37814,98251300
Producer,12255,98168600
Consumer,13978,0
Consumer,56029,0
Consumer,72434,15639700
Producer,51300,98394400
Producer,6296,98378300
Producer,79192,98335300
Consumer,94609,0
Producer,14748,99379700
Consumer,74427,100
Producer,96893,99389900
Consumer,16524,100
Producer,30098,99349500
Consumer,20012,200
Producer,8899,99327300
Consumer,1662,0
Producer,54780,99337800
Consumer,65931,0
Producer,15775,99349900
Consumer,63755,0
Consumer,64532,0
Producer,50733,99397400
Producer,86986,99311400
Consumer,15699,100
Consumer,74569,100
Consumer,27636,100
Producer,57249,99392700
Producer,64180,99363600
Consumer,40979,100
Consumer,78182,0
Producer,48288,99160600
Consumer,60663,100
Producer,78232,99183600
Consumer,54817,100
Producer,34971,99544100
Consumer,76561,100
Producer,17064,99513600
Consumer,21581,100
Producer,4677,99493600
Consumer,1945,0
Producer,76221,101128400
Consumer,13583,1812900
Producer,31076,101152700
Consumer,83004,1805800
Producer,83269,101137000
Consumer,63989,1815600
Producer,38451,101139800
Consumer,18126,200
Consumer,9233,1828600
Producer,54209,101152900
Consumer,6194,200
Producer,74271,101144600
Consumer,45842,1862900
Producer,64186,101128500
Consumer,26939,1840200
Producer,29290,101121400
Consumer,63853,100
Consumer,15117,0
Consumer,59593,1908500
Producer,86007,101103500
Consumer,28458,1896600
Producer,17167,100945500
Producer,58294,100899200
Consumer,7160,1964000
Consumer,64185,2007200
Consumer,81514,2016200
Consumer,10363,100
Producer,77729,100896000
Producer,89798,100811400
Consumer,62810,100
Consumer,93343,2075100
Producer,84828,100607200
Producer,41179,100505100
Consumer,10406,2086500
Consumer,77574,100
Producer,63708,100395600
Producer,36500,100331000
Consumer,97558,100
Consumer,68266,1730800
Producer,14297,100243100
Producer,49859,100071100
Consumer,11409,1760500
Producer,14754,100028900
Consumer,23330,100
Producer,53446,100588500
Consumer,95024,2388000
Producer,23924,100460900
Consumer,10012,100
Producer,89103,100456300
Consumer,67097,2533400
Producer,57038,100462100
Consumer,18060,2600200
Producer,15109,100435100
Consumer,80302,2562800
Producer,27970,100375100
Consumer,19078,2574500
Producer,76774,100092400
Consumer,48073,2579300
Producer,8538,100006300
Consumer,17670,0
Consumer,10920,2581100
Producer,38279,99898600
Consumer,43545,100
Producer,87045,99756800
Consumer,31533,2612200
Producer,7232,99608300
Consumer,26068,2757500
Producer,15160,99706700
Consumer,10909,2755300
Producer,59184,99582700
Consumer,40645,2739900
Producer,27546,99356400
Consumer,48297,2772700
Producer,81460,99215300
Consumer,60458,2805500
Producer,5093,99107900
Consumer,65525,100
Producer,10610,99019400
Producer,46383,98922600
Consumer,38726,2744700
Producer,18404,98875100
Consumer,45781,2251400
Producer,68938,98850300
Consumer,56195,0
Producer,92080,99104500
Consumer,70086,2390300
Consumer,31618,100
Producer,1335,99097500
Producer,66537,99008700
Consumer,80067,100
Producer,58200,99017900
Consumer,63652,4057300
Consumer,2857,100
Producer,61922,98993700
Consumer,50499,0
Producer,35128,98946600
Producer,98844,98922500
Consumer,88620,4111500
Consumer,37397,1662300
Producer,81531,98935500
Producer,45778,98943000
Consumer,94939,4115800
Consumer,45546,1742100
Producer,32224,98981400
Producer,66684,98993300
Consumer,60498,1785900
Consumer,22024,100
Producer,18067,99065100
Producer,99974,99151500
Consumer,98486,3934400
Consumer,15978,100
Producer,61293,99225100
Producer,8412,99193800
Consumer,88308,5375200
Producer,60266,99169200
Consumer,26095,0
Producer,90119,99224800
Consumer,99675,5358000
Producer,13481,99171000
Consumer,35991,100
Producer,57165,99216100
Consumer,50933,100
Producer,44839,99352700
Consumer,56766,100
Producer,45415,99465700
Consumer,46535,100
Producer,6843,99559800
Consumer,9359,100
Producer,68902,99594800
Consumer,42260,100
Producer,29692,99362400
Consumer,13431,0
Producer,27379,99292600
Consumer,63022,100
Producer,84283,149521600
Consumer,87509,4314300
Producer,50018,98833700
Consumer,33891,100
Producer,47469,149593900
Consumer,62140,5608800
Producer,9966,98977800
Consumer,6748,100
Producer,86953,99146400
Consumer,75871,1021800
Producer,94536,98864900
Consumer,89210,1025100
Producer,62964,98581000
Consumer,55372,5727500
Producer,89721,98419900
Consumer,91581,100
Producer,73759,98373600
Consumer,50082,984200
Producer,98809,98268100
Consumer,83415,982400
Producer,69703,98235900
Consumer,95296,986700
Producer,79895,98183100
Consumer,61875,2769300
Producer,21260,97939500
Consumer,83173,1015300
Producer,88915,96908200
Consumer,32612,1078800
Producer,99442,96967500
Consumer,94259,7513600
Producer,91917,96930400
Consumer,72569,2922200
Producer,67920,96912800
Consumer,6362,0
Consumer,96826,2011900
Producer,15869,96926600
Consumer,126,100
Producer,39233,96891000
Consumer,95011,1107700
Producer,84518,96857000
Consumer,19131,100
Consumer,69474,1870400
Producer,47887,96633400
Producer,92844,96649800
Consumer,4628,200
Consumer,89859,1049500
Producer,22101,96603900
Producer,99351,96575200
Consumer,75412,1010900
Consumer,70067,983200
Producer,72416,96562800
Producer,17357,96543400
Consumer,53932,994400
Consumer,55903,939300
Producer,45252,96441800
Producer,33740,96436200
Consumer,56694,985800
Producer,48657,96402800
Consumer,21690,100
Producer,61778,96721800
Consumer,69979,100
Producer,97979,150880600
Consumer,81452,1707800
Consumer,23213,0
Producer,39319,96542400
Producer,43595,96536700
Consumer,96456,2505700
Producer,91755,96526400
Consumer,82635,2687400
Consumer,22527,100
Producer,90220,96458600
Producer,58644,150938000
Consumer,64396,150000
Consumer,44194,132900
Producer,39932,96271700
Producer,54254,95918700
Consumer,93201,1688500
Producer,53849,95830200
Consumer,9192,100
Producer,2314,96072100
Consumer,76251,100
Producer,80987,151654400
Consumer,92674,100
Producer,80840,95898400
Consumer,84265,100
Producer,95983,95753100
Consumer,25214,100
Producer,90231,151632900
Consumer,83586,0
Producer,14062,150964000
Consumer,32176,100
Producer,36924,95245700
Consumer,7082,100
Producer,94792,95245600
Consumer,19722,0
Producer,15650,95154600
Consumer,10657,100
Consumer,35650,100
Consumer,71417,100
Producer,11638,95125600
Consumer,59117,0
Producer,62143,95253500
Consumer,8265,100
Producer,84314,95311100
Consumer,34193,100
Producer,51663,152083600
Consumer,31819,0
Consumer,79239,100
Producer,31251,95149300
Consumer,8529,100
Producer,85887,95111800
Consumer,26044,0
Consumer,70561,0
Producer,52721,95062600
Consumer,69409,100
Producer,83287,95000300
Consumer,78673,100
Producer,35673,152322700
Consumer,16203,100
Producer,88149,146056900
Consumer,49229,0
Consumer,91032,0
Producer,84558,146288300
Producer,68350,94979500
Consumer,52073,0
Consumer,88307,100
Producer,38585,94953000
Producer,29475,94935700
Consumer,25693,100
Producer,41610,94921300
Consumer,14070,100
Producer,47469,94789700
Consumer,6360,100
Producer,14334,94771200
Consumer,68313,100
Producer,83329,94963900
Consumer,34398,0
Consumer,14198,0
Consumer,52986,100
Producer,64992,147095300
Consumer,25566,100
Producer,59978,94491200
Consumer,11626,0
Consumer,11039,100
Consumer,401,100
Producer,36840,94522400
Consumer,71010,0
Producer,46145,94497300
Consumer,84180,100
Producer,83737,94419400
Consumer,43599,100
Producer,58176,94435700
Consumer,53897,100
Producer,19485,94332100
Consumer,54554,100
Producer,73116,94323600
Consumer,29910,100
Consumer,72867,0
Producer,69674,147901000
Consumer,19155,0
Producer,75976,94267500
Consumer,34052,100
Consumer,61527,100
Producer,73742,94185300
Consumer,73527,100
Producer,32899,94155500
Consumer,83667,100
Producer,71779,148202800
Consumer,86845,100
Producer,98300,93959800
Consumer,81377,100
Producer,49865,93951500
Consumer,26824,200
Producer,38575,93868900
Consumer,60462,0
Producer,28913,93980000
Consumer,61537,0
Producer,41239,93956900
Consumer,4151,0
Consumer,54827,100
Producer,36747,93959800
Producer,29593,93897000
Consumer,22384,0
Producer,79608,93895800
Consumer,46938,0
Producer,54559,148535700
Consumer,91945,132000
Consumer,42731,0
Producer,51217,93777500
Producer,80656,148509700
Consumer,28155,100
Producer,29710,93602000
Consumer,21665,0
Producer,44399,93601200
Consumer,41621,100
Producer,65410,93597300
Consumer,80246,100
Producer,81864,93554900
Consumer,13375,0
Consumer,46361,100
Producer,60979,93531100
Consumer,33275,100
Consumer,15778,100
Producer,56362,93784700
Consumer,37800,100
Producer,44311,93787700
Consumer,24710,100
Consumer,90067,100
Producer,77084,149554400
Consumer,57786,0
Consumer,36824,100
Producer,34795,149576400
Producer,44810,93912500
Consumer,45410,100
Producer,76946,93915900
Consumer,65087,0
Producer,73251,93928200
Consumer,76586,0
Producer,49626,93907800
Consumer,49526,0
Producer,91870,93874900
Consumer,37717,100
Consumer,18612,100
Producer,53907,93829500
Consumer,56802,100
Consumer,80053,100
Producer,89628,93786300
Consumer,30496,100
Consumer,84181,53900
Producer,69708,93783000
Producer,46468,93744100
Consumer,25801,0
Consumer,40869,0
Producer,89357,93912300
Consumer,89439,0
Producer,83541,93958400
Consumer,6680,100
Consumer,36645,100
Consumer,95192,0
Consumer,8272,0
Producer,59905,94276200
Producer,91672,150940200
Consumer,11292,0
Consumer,15460,100
Consumer,57484,0
Producer,41778,94220800
Consumer,44027,0
Producer,8723,94341200
Consumer,36325,100
Producer,50354,94224400
Consumer,92577,0
Producer,41874,93948700
Consumer,55428,100
Producer,98218,93765200
Consumer,64561,100
Producer,29411,93563300
Consumer,54628,100
Producer,23615,93362600
Consumer,24411,100
Consumer,4655,100
Producer,16921,93440700
Producer,62135,93290500
Consumer,47002,0
Producer,48952,93378000
Consumer,78757,100
Producer,66610,93235400
Consumer,54936,0
Producer,64402,152171100
Consumer,67818,0
Producer,9145,92996200
Consumer,44,100
Producer,77927,93031900
Consumer,67453,100
Producer,35154,93049200
Consumer,38873,100
Producer,38668,92976600
Consumer,25922,100
Producer,97243,93065800
Consumer,88706,718700
Producer,70166,93028200
Consumer,72001,205800
Consumer,42883,0
Producer,50359,93005900
Producer,81059,92962500
Consumer,98290,719300
Producer,28564,92915300
Consumer,64445,205600
Producer,80190,92884700
Consumer,63609,177300
Producer,66374,92823500
Consumer,21833,100
Producer,54472,152904300
Consumer,67976,0
Producer,61554,92964400
Consumer,93039,636200
Producer,76020,92607500
Consumer,87733,100
Producer,44911,92626300
Consumer,33369,136600
Producer,81441,92622100
Consumer,72469,538300
Producer,39520,92607200
Consumer,29886,100
Producer,72557,92559100
Consumer,42474,100
Producer,73766,92446900
Consumer,1376,0
Producer,40113,92319800
Consumer,28988,100
Consumer,62356,0
Producer,99258,92286000
Consumer,37065,0
Consumer,60527,0
Producer,68426,154027600
Consumer,95826,100
Producer,86715,92255200
Consumer,39845,100
Producer,60740,92147100
Consumer,3822,0
Consumer,88900,100
Producer,13212,92075400
Consumer,12503,100
Producer,36352,92095500
Consumer,92682,100
Producer,26184,92345700
Consumer,26991,100
Producer,26447,92420400
Consumer,48573,100
Producer,78261,92438100
Consumer,42350,100
Producer,14227,92516500
Consumer,20678,100
Producer,17615,92524400
Consumer,42436,0
Producer,23720,92712800
Consumer,19146,100
Producer,88815,92484300
Consumer,82202,485000
Consumer,14182,200
Producer,27347,92508300
Producer,46955,92475500
Consumer,39619,0
Producer,77084,155204500
Consumer,90834,566300
Producer,39211,92630600
Consumer,56686,542000
Producer,41845,92490600
Consumer,1065,0
Producer,39426,155369500
Consumer,80119,678800
Producer,51744,155359500
Consumer,1529,100
Consumer,55722,100
Producer,91809,92611700
Consumer,57671,100
Producer,60838,92397700
Consumer,91603,1337300
Producer,66643,155463400
Consumer,15325,100
Producer,78425,92462000
Consumer,135,0
Consumer,81164,735900
Producer,33941,92307000
Consumer,85387,851200
Producer,53400,92346200
Producer,71568,92360600
Consumer,80237,1304800
Producer,91696,92389500
Consumer,62751,1272100
Producer,95960,92351600
Consumer,8329,561500
Producer,29350,92342400
Consumer,61594,1249700
Consumer,96533,492100
Producer,56334,91825500
Producer,98153,91746800
Consumer,78464,1576000
Consumer,82529,809800
Producer,92413,91704400
Producer,64256,91633700
Consumer,78697,0
Consumer,10316,0
Producer,54928,91446400
Consumer,49080,100
Producer,90950,91453500
Consumer,88802,0
Producer,84404,91313700
Consumer,82902,100
Producer,64396,91248400
Consumer,12225,0
Consumer,71036,100
Producer,34123,90909300
Consumer,2943,100
Consumer,9530,100
Producer,51742,90979100
Consumer,51974,0
Producer,88072,91437400
Consumer,55327,100
Consumer,99722,0
Producer,49042,91448200
Consumer,57090,100
Producer,18659,91489300
Consumer,24171,0
Producer,63713,91425500
Consumer,3178,0
Producer,64623,91434100
Consumer,20333,100
Consumer,7247,100
Consumer,64016,100
Producer,99612,156595600
Producer,36349,91198400
Consumer,42124,100
Consumer,39181,100
Consumer,58936,100
Producer,52012,91123300
Consumer,74349,100
Producer,98992,91229700
Consumer,79193,0
Consumer,9700,100
Producer,61828,157006700
Producer,31073,156868500
Consumer,231,0
Consumer,83783,0
Producer,83912,91367000
Consumer,479,0
Producer,59145,157007200
Consumer,45260,100
Consumer,1092,100
Consumer,20139,0
Producer,47573,91110600
Consumer,29172,0
Consumer,84664,0
Producer,76876,155272800
Consumer,18766,0
Consumer,45967,100
Producer,87758,154085500
Consumer,76858,100
Producer,96559,86752300
Consumer,30868,100
Consumer,69490,100
Producer,59498,152679500
Consumer,43708,0
Producer,77365,152353500
Consumer,48791,100
Producer,61549,85263100
Consumer,18879,0
Consumer,35024,100
Consumer,56843,100
Producer,82106,85056500
Consumer,92837,100
Producer,80391,152436000
Consumer,64159,100
Producer,95464,151769700
Consumer,40656,100
Consumer,90403,100
Producer,87549,83971400
Consumer,13911,100
Consumer,66438,0
Producer,99742,151656400
Consumer,62490,100
Consumer,49265,100
Producer,43985,151263000
Producer,72444,151219900
Consumer,11004,100
Consumer,95444,100
Producer,67178,150859700
Consumer,96145,100
Producer,98979,82085300
Consumer,45916,0
Producer,77950,82303700
Consumer,32249,100
Producer,63678,150319500
Consumer,64916,100
Consumer,46447,100
Producer,89742,81521800
Consumer,40694,100
Consumer,84999,100
Producer,69799,81537500
Consumer,9103,100
Producer,44634,149337400
Consumer,78245,100
Producer,40041,81034100
Consumer,86994,0
Producer,83218,80159200
Consumer,82510,100
Producer,93775,80195200
Consumer,12042,0
Producer,63492,79925100
Consumer,2184,100
Consumer,41530,100
Producer,76706,148464300
Consumer,56578,100
Consumer,4030,100
Producer,59224,52305000
Consumer,56090,0
Consumer,65455,100
Consumer,16358,100
Producer,66046,144176900
Producer,53826,44698500
Consumer,32028,100
Producer,36117,44746200
Consumer,82545,100
Producer,52688,144182800
Consumer,86004,100
Producer,83968,143899100
Consumer,87595,100
Producer,89598,143715800
Consumer,31099,100
Producer,2406,143685700
Consumer,96316,0
Producer,17066,143652200
Consumer,10277,0
Producer,84728,143550700
Consumer,23633,0
Producer,51280,143526800
Consumer,72568,100
Producer,90575,143180900
Consumer,81479,100
Producer,90110,143167000
Consumer,82902,100
Producer,91397,142433800
Consumer,39801,100
Consumer,41200,0
Producer,58409,140529400
Consumer,57406,100
Producer,71358,139043800
Consumer,57520,100
Producer,63013,138537900
Consumer,86196,100
Producer,73272,137100700
Consumer,98526,73900
Producer,85263,137059300
Consumer,5217,100
Producer,23394,136365200
Consumer,8386,100
Consumer,40331,100
Producer,56244,134959600
Consumer,22327,100
Consumer,51864,100
Producer,27111,134385500
Consumer,42864,100
Producer,37341,134548300
Consumer,70792,0
Producer,44023,133698900
Consumer,73320,0
Producer,99198,133578700
Consumer,67724,0
Producer,36912,132952300
Consumer,88177,100
Producer,69641,132109800
Consumer,29269,100
Producer,99726,131967600
Consumer,45357,100
Consumer,95786,126900
Producer,66787,130678700
Producer,34964,130609400
Consumer,16502,33500
Consumer,36321,100
Producer,26377,130327700
Producer,41606,130303000
Consumer,44024,100
Producer,96501,120435500
Consumer,92070,24100
Producer,98090,116403800
Consumer,41358,0
Consumer,42802,100
Producer,96922,116377600
Consumer,86966,0
Consumer,34380,100
Producer,93033,116233000
Consumer,65176,0
Producer,97826,114483700
Consumer,55918,100
Producer,42541,114323300
Consumer,71211,100
Producer,37579,114334900
Consumer,24349,0
Consumer,83083,0
Producer,56747,113341600
Consumer,47978,0
Producer,67704,111356400
Consumer,52983,0
Producer,75486,111294200
Consumer,89693,100
Producer,48074,111140500
Consumer,51114,0
Producer,44994,110646300
Consumer,79214,100
Producer,97754,110534400
Consumer,69530,100
Producer,84242,110638100
Consumer,91798,100
Producer,47042,110495300
Consumer,8434,100
Producer,82096,110504900
Consumer,95076,100
Producer,39671,110284100
Consumer,21893,100
Producer,64981,110283900
Consumer,5348,0
Consumer,2629,100
Consumer,85190,100
Producer,35419,104898500
Consumer,50060,0
Producer,81247,166354200
Consumer,61751,0
Producer,97904,101775600
Consumer,4703,100
Consumer,22370,100
Consumer,34593,0
Producer,91376,101009300
Consumer,62980,0
Producer,78282,100716400
Consumer,16157,0
Consumer,996,100
Consumer,80435,100
Producer,65440,99960900
Consumer,83068,0
Producer,73321,99725200
Consumer,64370,0
Producer,70916,97155000
Consumer,61569,100
Consumer,98036,31600
Producer,85602,96826200
Producer,89988,96759700
Consumer,64967,0
Producer,82515,94976000
Consumer,54479,100
Consumer,87138,100
Producer,73004,160313100
Consumer,3769,0
Consumer,16686,100
Producer,91158,91135800
Consumer,96029,0
Consumer,46480,0
Producer,82638,158442800
Consumer,9323,0
Consumer,59933,0
Producer,64684,155849400
Consumer,50925,100
Producer,62815,86898600
Consumer,14415,0
Consumer,82391,100
Producer,89839,53257600
Consumer,86925,0
Producer,96494,141074800
Consumer,63488,0
Consumer,55538,100
Producer,73268,140005500
Producer,69432,120791100
Consumer,96586,100
Producer,70064,170927400
Consumer,36606,100
Producer,81346,117503000
Consumer,54291,6300
Consumer,83004,0
Producer,73389,107948700
Consumer,57400,0
Producer,54119,103708000
Consumer,10190,100
Consumer,44661,100
Producer,63462,103201900
Consumer,83092,0
Producer,98689,103574200
Consumer,51228,77200
Producer,74768,95959600
Consumer,7777,100
Consumer,74256,100
Producer,93362,90944100
Consumer,59084,100
Consumer,40075,0
Producer,89656,149717200
Consumer,82718,100
Producer,67514,109101000
Consumer,49449,100
Producer,88482,104697200
Consumer,84041,100
Consumer,56405,100
Producer,95107,159774200
Consumer,78489,100
Producer,91522,162461800
Consumer,12061,100
Consumer,29375,0
Consumer,76132,100
Consumer,34001,100
Consumer,12749,0
